week,date,team1,team1_score,team2,team2_score
1,"Aug 24, 2024",Georgia Tech,24,(10)Florida State,21
1,"Aug 24, 2024",Montana State,35,New Mexico,31
1,"Aug 24, 2024",Southern Methodist,29,Nevada,24
1,"Aug 25, 2024",Hawaii,35,Delaware State,14
2,"Aug 29, 2024",Alabama-Birmingham,41,Alcorn State,3
2,"Aug 29, 2024",Arkansas,70,Arkansas-Pine Bluff,0
2,"Aug 29, 2024",Bowling Green,41,Fordham,17
2,"Aug 29, 2024",Buffalo,30,Lafayette,13
2,"Aug 29, 2024",Central Florida,57,New Hampshire,3
2,"Aug 29, 2024",Central Michigan,66,Central Connecticut State,10
2,"Aug 29, 2024",Coastal Carolina,55,Jacksonville State,27
2,"Aug 29, 2024",Colorado,31,North Dakota State,26
2,"Aug 29, 2024",Illinois,45,Eastern Illinois,0
2,"Aug 29, 2024",(22)Kansas,48,Lindenwood,3
2,"Aug 29, 2024",Louisiana-Monroe,30,Jackson State,14
2,"Aug 29, 2024",(11)Missouri,51,Murray State,0
2,"Aug 29, 2024",North Carolina,19,Minnesota,17
2,"Aug 29, 2024",(24)North Carolina State,38,Western Carolina,21
2,"Aug 29, 2024",Rutgers,44,Howard,7
2,"Aug 29, 2024",San Jose State,42,Sacramento State,24
2,"Aug 29, 2024",Toledo,49,Duquesne,10
2,"Aug 29, 2024",Tulane,52,Southeastern Louisiana,0
2,"Aug 29, 2024",Tulsa,62,Northwestern State,28
2,"Aug 29, 2024",(12)Utah,49,Southern Utah,0
2,"Aug 29, 2024",Wake Forest,45,North Carolina A&T,13
2,"Aug 30, 2024",Army,42,Lehigh,7
2,"Aug 30, 2024",Duke,26,Elon,3
2,"Aug 30, 2024",Michigan State,16,Florida Atlantic,10
2,"Aug 30, 2024",(16)Oklahoma,51,Temple,3
2,"Aug 30, 2024",Texas Christian,34,Stanford,27
2,"Aug 30, 2024",Wisconsin,28,Western Michigan,14
2,"Aug 31, 2024",Air Force,21,Merrimack,6
2,"Aug 31, 2024",(5)Alabama,63,Western Kentucky,0
2,"Aug 31, 2024",Appalachian State,38,East Tennessee State,10
2,"Aug 31, 2024",(21)Arizona,61,New Mexico,39
2,"Aug 31, 2024",Arizona State,48,Wyoming,7
2,"Aug 31, 2024",Arkansas State,34,Central Arkansas,31
2,"Aug 31, 2024",Auburn,73,Alabama A&M,3
2,"Aug 31, 2024",Baylor,45,Tarleton State,3
2,"Aug 31, 2024",Boise State,56,Georgia Southern,45
2,"Aug 31, 2024",Brigham Young,41,Southern Illinois,13
2,"Aug 31, 2024",California,31,California-Davis,13
2,"Aug 31, 2024",Cincinnati,38,Towson,20
2,"Aug 31, 2024",East Carolina,42,Norfolk State,3
2,"Aug 31, 2024",Eastern Michigan,28,Massachusetts,14
2,"Aug 31, 2024",(1)Georgia,34,(14)Clemson,3
2,"Aug 31, 2024",Georgia Tech,35,Georgia State,12
2,"Aug 31, 2024",Indiana,31,Florida International,7
2,"Aug 31, 2024",(25)Iowa,40,Illinois State,0
2,"Aug 31, 2024",Iowa State,21,North Dakota,3
2,"Aug 31, 2024",James Madison,30,Charlotte,7
2,"Aug 31, 2024",(18)Kansas State,41,Tennessee-Martin,6
2,"Aug 31, 2024",Kentucky,31,Southern Mississippi,0
2,"Aug 31, 2024",Liberty,41,Campbell,24
2,"Aug 31, 2024",Louisiana,40,Grambling State,10
2,"Aug 31, 2024",Louisiana Tech,25,Nicholls State,17
2,"Aug 31, 2024",Louisville,62,Austin Peay,0
2,"Aug 31, 2024",Marshall,45,Stony Brook,3
2,"Aug 31, 2024",Maryland,50,Connecticut,7
2,"Aug 31, 2024",Memphis,40,North Alabama,0
2,"Aug 31, 2024",(19)Miami (FL),41,Florida,17
2,"Aug 31, 2024",(9)Michigan,30,Fresno State,10
2,"Aug 31, 2024",Middle Tennessee State,32,Tennessee Tech,25
2,"Aug 31, 2024",(6)Mississippi,76,Furman,0
2,"Aug 31, 2024",Mississippi State,56,Eastern Kentucky,7
2,"Aug 31, 2024",Navy,49,Bucknell,21
2,"Aug 31, 2024",Nebraska,40,Texas-El Paso,7
2,"Aug 31, 2024",Nevada,28,Troy,26
2,"Aug 31, 2024",Nevada-Las Vegas,27,Houston,7
2,"Aug 31, 2024",New Mexico State,23,Southeast Missouri State,16
2,"Aug 31, 2024",North Texas,52,South Alabama,38
2,"Aug 31, 2024",Northern Illinois,54,Western Illinois,15
2,"Aug 31, 2024",Northwestern,13,Miami (OH),6
2,"Aug 31, 2024",(7)Notre Dame,23,(20)Texas A&M,13
2,"Aug 31, 2024",(2)Ohio State,52,Akron,6
2,"Aug 31, 2024",(17)Oklahoma State,44,South Dakota State,20
2,"Aug 31, 2024",(3)Oregon,24,Idaho,14
2,"Aug 31, 2024",Oregon State,38,Idaho State,15
2,"Aug 31, 2024",(8)Penn State,34,West Virginia,12
2,"Aug 31, 2024",Pittsburgh,55,Kent State,24
2,"Aug 31, 2024",Purdue,49,Indiana State,0
2,"Aug 31, 2024",Sam Houston,34,Rice,14
2,"Aug 31, 2024",San Diego State,45,Texas A&M-Commerce,14
2,"Aug 31, 2024",South Carolina,23,Old Dominion,19
2,"Aug 31, 2024",South Florida,48,Bethune-Cookman,3
2,"Aug 31, 2024",Southern Methodist,59,Houston Baptist,7
2,"Aug 31, 2024",Syracuse,38,Ohio,22
2,"Aug 31, 2024",(15)Tennessee,69,Chattanooga,3
2,"Aug 31, 2024",(4)Texas,52,Colorado State,0
2,"Aug 31, 2024",Texas State,34,Lamar,27
2,"Aug 31, 2024",Texas Tech,52,Abilene Christian,51
2,"Aug 31, 2024",Texas-San Antonio,28,Kennesaw State,16
2,"Aug 31, 2024",UCLA,16,Hawaii,13
2,"Aug 31, 2024",Utah State,36,Robert Morris,14
2,"Aug 31, 2024",Vanderbilt,34,Virginia Tech,27
2,"Aug 31, 2024",Virginia,34,Richmond,13
2,"Aug 31, 2024",Washington,35,Weber State,3
2,"Aug 31, 2024",Washington State,70,Portland State,30
2,"Sep 1, 2024",(23)Southern California,27,(13)Louisiana State,20
2,"Sep 2, 2024",Boston College,28,(10)Florida State,13
3,"Sep 6, 2024",Brigham Young,18,Southern Methodist,15
3,"Sep 6, 2024",Duke,26,Northwestern,20
3,"Sep 6, 2024",Indiana,77,Western Illinois,3
3,"Sep 7, 2024",(4)Alabama,42,South Florida,16
3,"Sep 7, 2024",(20)Arizona,22,Northern Arizona,10
3,"Sep 7, 2024",Arizona State,30,Mississippi State,23
3,"Sep 7, 2024",Arkansas State,28,Tulsa,24
3,"Sep 7, 2024",Army,24,Florida Atlantic,7
3,"Sep 7, 2024",Ball State,42,Missouri State,34
3,"Sep 7, 2024",Boston College,56,Duquesne,0
3,"Sep 7, 2024",California,21,Auburn,14
3,"Sep 7, 2024",Central Florida,45,Sam Houston,14
3,"Sep 7, 2024",(25)Clemson,66,Appalachian State,20
3,"Sep 7, 2024",Coastal Carolina,40,William & Mary,21
3,"Sep 7, 2024",Colorado State,38,Northern Colorado,17
3,"Sep 7, 2024",Connecticut,63,Merrimack,17
3,"Sep 7, 2024",East Carolina,20,Old Dominion,14
3,"Sep 7, 2024",Florida,45,Samford,7
3,"Sep 7, 2024",Florida International,52,Central Michigan,16
3,"Sep 7, 2024",Fresno State,46,Sacramento State,30
3,"Sep 7, 2024",(1)Georgia,48,Tennessee Tech,3
3,"Sep 7, 2024",Georgia Southern,20,Nevada,17
3,"Sep 7, 2024",Georgia State,24,Chattanooga,21
3,"Sep 7, 2024",Idaho,17,Wyoming,13
3,"Sep 7, 2024",Illinois,23,(19)Kansas,17
3,"Sep 7, 2024",Iowa State,20,(21)Iowa,19
3,"Sep 7, 2024",James Madison,13,Gardner-Webb,6
3,"Sep 7, 2024",(17)Kansas State,34,Tulane,27
3,"Sep 7, 2024",Liberty,30,New Mexico State,24
3,"Sep 7, 2024",Louisiana,34,Kennesaw State,10
3,"Sep 7, 2024",(18)Louisiana State,44,Nicholls State,21
3,"Sep 7, 2024",Louisiana-Monroe,32,Alabama-Birmingham,6
3,"Sep 7, 2024",(22)Louisville,49,Jacksonville State,14
3,"Sep 7, 2024",Memphis,38,Troy,17
3,"Sep 7, 2024",(12)Miami (FL),56,Florida A&M,9
3,"Sep 7, 2024",Michigan State,27,Maryland,24
3,"Sep 7, 2024",Minnesota,48,Rhode Island,0
3,"Sep 7, 2024",(6)Mississippi,52,Middle Tennessee State,3
3,"Sep 7, 2024",(9)Missouri,38,Buffalo,0
3,"Sep 7, 2024",Navy,38,Temple,11
3,"Sep 7, 2024",Nebraska,28,Colorado,10
3,"Sep 7, 2024",Nevada-Las Vegas,72,Utah Tech,14
3,"Sep 7, 2024",North Carolina,38,Charlotte,20
3,"Sep 7, 2024",North Texas,35,Stephen F. Austin,20
3,"Sep 7, 2024",Northern Illinois,16,(5)Notre Dame,14
3,"Sep 7, 2024",Ohio,27,South Alabama,20
3,"Sep 7, 2024",(2)Ohio State,56,Western Michigan,0
3,"Sep 7, 2024",(15)Oklahoma,16,Houston,12
3,"Sep 7, 2024",(16)Oklahoma State,39,Arkansas,31
3,"Sep 7, 2024",(7)Oregon,37,Boise State,34
3,"Sep 7, 2024",Oregon State,21,San Diego State,0
3,"Sep 7, 2024",(8)Penn State,34,Bowling Green,27
3,"Sep 7, 2024",Pittsburgh,28,Cincinnati,27
3,"Sep 7, 2024",Rice,69,Texas Southern,7
3,"Sep 7, 2024",Rutgers,49,Akron,17
3,"Sep 7, 2024",San Jose State,17,Air Force,7
3,"Sep 7, 2024",South Carolina,31,Kentucky,6
3,"Sep 7, 2024",(13)Southern California,48,Utah State,0
3,"Sep 7, 2024",Southern Mississippi,35,Southeastern Louisiana,10
3,"Sep 7, 2024",Southern Utah,27,Texas-El Paso,24
3,"Sep 7, 2024",St. Francis (PA),23,Kent State,17
3,"Sep 7, 2024",Stanford,41,Cal Poly,7
3,"Sep 7, 2024",Syracuse,31,(23)Georgia Tech,28
3,"Sep 7, 2024",(14)Tennessee,51,(24)North Carolina State,10
3,"Sep 7, 2024",(3)Texas,31,(10)Michigan,12
3,"Sep 7, 2024",Texas A&M,52,McNeese State,10
3,"Sep 7, 2024",Texas Christian,45,Long Island,0
3,"Sep 7, 2024",Texas State,49,Texas-San Antonio,10
3,"Sep 7, 2024",Toledo,38,Massachusetts,23
3,"Sep 7, 2024",(11)Utah,23,Baylor,12
3,"Sep 7, 2024",Vanderbilt,55,Alcorn State,0
3,"Sep 7, 2024",Virginia,31,Wake Forest,30
3,"Sep 7, 2024",Virginia Tech,31,Marshall,14
3,"Sep 7, 2024",Washington,30,Eastern Michigan,9
3,"Sep 7, 2024",Washington State,37,Texas Tech,16
3,"Sep 7, 2024",West Virginia,49,Albany,14
3,"Sep 7, 2024",Western Kentucky,31,Eastern Kentucky,0
3,"Sep 7, 2024",Wisconsin,27,South Dakota,13
4,"Sep 12, 2024",Arizona State,31,Texas State,28
4,"Sep 12, 2024",South Alabama,87,Northwestern State,10
4,"Sep 13, 2024",(14)Kansas State,31,(20)Arizona,7
4,"Sep 13, 2024",Nevada-Las Vegas,23,Kansas,20
4,"Sep 14, 2024",Akron,31,Colgate,20
4,"Sep 14, 2024",(4)Alabama,42,Wisconsin,10
4,"Sep 14, 2024",Appalachian State,21,East Carolina,19
4,"Sep 14, 2024",Arkansas,37,Alabama-Birmingham,27
4,"Sep 14, 2024",Auburn,45,New Mexico,19
4,"Sep 14, 2024",Baylor,31,Air Force,3
4,"Sep 14, 2024",Brigham Young,34,Wyoming,14
4,"Sep 14, 2024",Buffalo,34,Massachusetts,3
4,"Sep 14, 2024",California,31,San Diego State,10
4,"Sep 14, 2024",Central Florida,35,Texas Christian,34
4,"Sep 14, 2024",Charlotte,27,Gardner-Webb,26
4,"Sep 14, 2024",Cincinnati,27,Miami (OH),16
4,"Sep 14, 2024",Coastal Carolina,28,Temple,20
4,"Sep 14, 2024",Colorado,28,Colorado State,9
4,"Sep 14, 2024",Duke,26,Connecticut,21
4,"Sep 14, 2024",Eastern Michigan,37,Jacksonville State,34
4,"Sep 14, 2024",Florida Atlantic,38,Florida International,20
4,"Sep 14, 2024",Fresno State,48,New Mexico State,0
4,"Sep 14, 2024",(1)Georgia,13,Kentucky,12
4,"Sep 14, 2024",Georgia Southern,42,South Carolina State,14
4,"Sep 14, 2024",Georgia State,36,Vanderbilt,32
4,"Sep 14, 2024",Georgia Tech,59,Virginia Military Institute,7
4,"Sep 14, 2024",Houston,33,Rice,7
4,"Sep 14, 2024",Illinois,30,Central Michigan,9
4,"Sep 14, 2024",Indiana,42,UCLA,13
4,"Sep 14, 2024",Iowa,38,Troy,21
4,"Sep 14, 2024",Liberty,28,Texas-El Paso,10
4,"Sep 14, 2024",(16)Louisiana State,36,South Carolina,33
4,"Sep 14, 2024",Maryland,27,Virginia,13
4,"Sep 14, 2024",Memphis,20,Florida State,12
4,"Sep 14, 2024",(10)Miami (FL),62,Ball State,0
4,"Sep 14, 2024",(17)Michigan,28,Arkansas State,18
4,"Sep 14, 2024",Michigan State,40,Prairie View A&M,0
4,"Sep 14, 2024",Minnesota,27,Nevada,0
4,"Sep 14, 2024",(5)Mississippi,40,Wake Forest,6
4,"Sep 14, 2024",(6)Missouri,27,(24)Boston College,21
4,"Sep 14, 2024",(23)Nebraska,34,Northern Iowa,3
4,"Sep 14, 2024",North Carolina,45,North Carolina Central,10
4,"Sep 14, 2024",North Carolina State,30,Louisiana Tech,20
4,"Sep 14, 2024",Northwestern,31,Eastern Illinois,7
4,"Sep 14, 2024",(18)Notre Dame,66,Purdue,7
4,"Sep 14, 2024",Ohio,21,Morgan State,6
4,"Sep 14, 2024",(15)Oklahoma,34,Tulane,19
4,"Sep 14, 2024",(13)Oklahoma State,45,Tulsa,10
4,"Sep 14, 2024",(9)Oregon,49,Oregon State,14
4,"Sep 14, 2024",Pittsburgh,38,West Virginia,34
4,"Sep 14, 2024",Sam Houston,31,Hawaii,13
4,"Sep 14, 2024",San Jose State,31,Kennesaw State,10
4,"Sep 14, 2024",South Florida,49,Southern Mississippi,24
4,"Sep 14, 2024",(7)Tennessee,71,Kent State,0
4,"Sep 14, 2024",(2)Texas,56,Texas-San Antonio,7
4,"Sep 14, 2024",Texas A&M,33,Florida,20
4,"Sep 14, 2024",Texas Tech,66,North Texas,21
4,"Sep 14, 2024",Toledo,41,Mississippi State,17
4,"Sep 14, 2024",(12)Utah,38,Utah State,21
4,"Sep 14, 2024",Virginia Tech,37,Old Dominion,17
4,"Sep 14, 2024",Washington State,24,Washington,19
4,"Sep 14, 2024",Western Kentucky,49,Middle Tennessee State,21
4,"Sep 14, 2024",Western Michigan,59,Bethune-Cookman,31
5,"Sep 19, 2024",South Alabama,48,Appalachian State,14
5,"Sep 20, 2024",(24)Illinois,31,(22)Nebraska,24
5,"Sep 20, 2024",Stanford,26,Syracuse,24
5,"Sep 20, 2024",Washington State,54,San Jose State,52
5,"Sep 21, 2024",Arkansas,24,Auburn,14
5,"Sep 21, 2024",Army,37,Rice,14
5,"Sep 21, 2024",Boise State,56,Portland State,14
5,"Sep 21, 2024",Boston College,23,Michigan State,19
5,"Sep 21, 2024",Brigham Young,38,(13)Kansas State,9
5,"Sep 21, 2024",Buffalo,23,(23)Northern Illinois,20
5,"Sep 21, 2024",Central Michigan,37,Ball State,34
5,"Sep 21, 2024",Cincinnati,34,Houston,0
5,"Sep 21, 2024",(21)Clemson,59,North Carolina State,35
5,"Sep 21, 2024",Colorado,38,Baylor,31
5,"Sep 21, 2024",Colorado State,27,Texas-El Paso,17
5,"Sep 21, 2024",Connecticut,48,Florida Atlantic,14
5,"Sep 21, 2024",Duke,45,Middle Tennessee State,17
5,"Sep 21, 2024",Eastern Michigan,36,St. Francis (PA),0
5,"Sep 21, 2024",Florida,45,Mississippi State,28
5,"Sep 21, 2024",Florida State,14,California,9
5,"Sep 21, 2024",Fresno State,38,New Mexico,21
5,"Sep 21, 2024",Indiana,52,Charlotte,14
5,"Sep 21, 2024",Iowa,31,Minnesota,14
5,"Sep 21, 2024",(20)Iowa State,52,Arkansas State,7
5,"Sep 21, 2024",Jacksonville State,44,Southern Mississippi,7
5,"Sep 21, 2024",James Madison,70,North Carolina,50
5,"Sep 21, 2024",Kentucky,41,Ohio,6
5,"Sep 21, 2024",Liberty,35,East Carolina,24
5,"Sep 21, 2024",(16)Louisiana State,34,UCLA,17
5,"Sep 21, 2024",(19)Louisville,31,Georgia Tech,19
5,"Sep 21, 2024",Maryland,38,Villanova,20
5,"Sep 21, 2024",Massachusetts,35,Central Connecticut State,31
5,"Sep 21, 2024",(8)Miami (FL),50,South Florida,15
5,"Sep 21, 2024",(18)Michigan,27,(11)Southern California,24
5,"Sep 21, 2024",(5)Mississippi,52,Georgia Southern,13
5,"Sep 21, 2024",(7)Missouri,30,Vanderbilt,27
5,"Sep 21, 2024",Monmouth,45,Florida International,42
5,"Sep 21, 2024",Navy,56,Memphis,44
5,"Sep 21, 2024",Nevada,49,Eastern Washington,16
5,"Sep 21, 2024",North Texas,44,Wyoming,17
5,"Sep 21, 2024",(17)Notre Dame,28,Miami (OH),3
5,"Sep 21, 2024",(3)Ohio State,49,Marshall,14
5,"Sep 21, 2024",Oregon State,38,Purdue,21
5,"Sep 21, 2024",(10)Penn State,56,Kent State,0
5,"Sep 21, 2024",Pittsburgh,73,Youngstown State,17
5,"Sep 21, 2024",Rutgers,26,Virginia Tech,23
5,"Sep 21, 2024",Sam Houston,31,New Mexico State,11
5,"Sep 21, 2024",South Carolina,50,Akron,7
5,"Sep 21, 2024",Southern Methodist,66,Texas Christian,42
5,"Sep 21, 2024",Temple,45,Utah State,29
5,"Sep 21, 2024",(6)Tennessee,25,(15)Oklahoma,15
5,"Sep 21, 2024",(1)Texas,51,Louisiana-Monroe,3
5,"Sep 21, 2024",(25)Texas A&M,26,Bowling Green,20
5,"Sep 21, 2024",Texas Tech,30,Arizona State,22
5,"Sep 21, 2024",Texas-San Antonio,45,Houston Baptist,7
5,"Sep 21, 2024",Troy,34,Florida A&M,12
5,"Sep 21, 2024",Tulane,41,Louisiana,33
5,"Sep 21, 2024",Tulsa,23,Louisiana Tech,20
5,"Sep 21, 2024",(12)Utah,22,(14)Oklahoma State,19
5,"Sep 21, 2024",Virginia,43,Coastal Carolina,24
5,"Sep 21, 2024",Washington,24,Northwestern,5
5,"Sep 21, 2024",West Virginia,32,Kansas,28
5,"Sep 21, 2024",Western Kentucky,26,Toledo,21
5,"Sep 22, 2024",Hawaii,36,Northern Iowa,7
6,"Sep 26, 2024",Army,42,Temple,14
6,"Sep 27, 2024",(7)Miami (FL),38,Virginia Tech,34
6,"Sep 27, 2024",Rutgers,21,Washington,18
6,"Sep 28, 2024",(4)Alabama,41,(2)Georgia,34
6,"Sep 28, 2024",Arizona,23,(10)Utah,10
6,"Sep 28, 2024",(25)Boise State,45,Washington State,24
6,"Sep 28, 2024",Boston College,21,Western Kentucky,20
6,"Sep 28, 2024",(22)Brigham Young,34,Baylor,28
6,"Sep 28, 2024",Central Michigan,22,San Diego State,21
6,"Sep 28, 2024",Charlotte,21,Rice,20
6,"Sep 28, 2024",(17)Clemson,40,Stanford,14
6,"Sep 28, 2024",Colorado,48,Central Florida,21
6,"Sep 28, 2024",Connecticut,47,Buffalo,3
6,"Sep 28, 2024",Duke,21,North Carolina,20
6,"Sep 28, 2024",East Carolina,30,Texas-San Antonio,20
6,"Sep 28, 2024",Eastern Michigan,52,Kent State,33
6,"Sep 28, 2024",Florida Atlantic,41,Wagner,10
6,"Sep 28, 2024",Florida International,17,Louisiana Tech,10
6,"Sep 28, 2024",Georgia Southern,38,Georgia State,21
6,"Sep 28, 2024",Indiana,42,Maryland,28
6,"Sep 28, 2024",(18)Iowa State,20,Houston,0
6,"Sep 28, 2024",James Madison,63,Ball State,7
6,"Sep 28, 2024",(23)Kansas State,42,(20)Oklahoma State,20
6,"Sep 28, 2024",Kentucky,20,(6)Mississippi,17
6,"Sep 28, 2024",Louisiana,41,Wake Forest,38
6,"Sep 28, 2024",(14)Louisiana State,42,South Alabama,10
6,"Sep 28, 2024",Louisiana-Monroe,13,Troy,9
6,"Sep 28, 2024",Marshall,27,Western Michigan,20
6,"Sep 28, 2024",Memphis,24,Middle Tennessee State,7
6,"Sep 28, 2024",Miami (OH),23,Massachusetts,20
6,"Sep 28, 2024",(12)Michigan,27,Minnesota,24
6,"Sep 28, 2024",Navy,41,Alabama-Birmingham,18
6,"Sep 28, 2024",Nebraska,28,Purdue,10
6,"Sep 28, 2024",Nevada-Las Vegas,59,Fresno State,14
6,"Sep 28, 2024",New Mexico,50,New Mexico State,40
6,"Sep 28, 2024",North Carolina State,24,Northern Illinois,17
6,"Sep 28, 2024",North Texas,52,Tulsa,20
6,"Sep 28, 2024",(16)Notre Dame,31,(15)Louisville,24
6,"Sep 28, 2024",Ohio,30,Akron,10
6,"Sep 28, 2024",(3)Ohio State,38,Michigan State,7
6,"Sep 28, 2024",(21)Oklahoma,27,Auburn,21
6,"Sep 28, 2024",Old Dominion,30,Bowling Green,27
6,"Sep 28, 2024",(8)Oregon,34,UCLA,13
6,"Sep 28, 2024",(9)Penn State,21,(19)Illinois,7
6,"Sep 28, 2024",Sam Houston,40,Texas State,39
6,"Sep 28, 2024",(13)Southern California,38,Wisconsin,21
6,"Sep 28, 2024",Southern Methodist,42,Florida State,16
6,"Sep 28, 2024",Syracuse,42,Holy Cross,14
6,"Sep 28, 2024",Tennessee-Martin,24,Kennesaw State,13
6,"Sep 28, 2024",(1)Texas,35,Mississippi State,13
6,"Sep 28, 2024",(24)Texas A&M,21,Arkansas,17
6,"Sep 28, 2024",Texas Christian,38,Kansas,27
6,"Sep 28, 2024",Texas Tech,44,Cincinnati,41
6,"Sep 28, 2024",Tulane,45,South Florida,10
6,"Sep 28, 2024",Wyoming,31,Air Force,19
7,"Oct 3, 2024",Sam Houston,41,Texas-El Paso,21
7,"Oct 3, 2024",Texas State,38,Troy,17
7,"Oct 4, 2024",Houston,30,Texas Christian,19
7,"Oct 4, 2024",Jacksonville State,63,Kennesaw State,24
7,"Oct 4, 2024",(6)Oregon,31,Michigan State,10
7,"Oct 4, 2024",Syracuse,44,(25)Nevada-Las Vegas,41
7,"Oct 5, 2024",Arizona State,35,Kansas,31
7,"Oct 5, 2024",Arkansas,19,(4)Tennessee,14
7,"Oct 5, 2024",Arkansas State,18,South Alabama,16
7,"Oct 5, 2024",Army,49,Tulsa,7
7,"Oct 5, 2024",(21)Boise State,62,Utah State,30
7,"Oct 5, 2024",Bowling Green,27,Akron,20
7,"Oct 5, 2024",Charlotte,55,East Carolina,24
7,"Oct 5, 2024",(15)Clemson,29,Florida State,13
7,"Oct 5, 2024",Coastal Carolina,45,Old Dominion,37
7,"Oct 5, 2024",Connecticut,29,Temple,20
7,"Oct 5, 2024",Florida,24,Central Florida,13
7,"Oct 5, 2024",(5)Georgia,31,Auburn,13
7,"Oct 5, 2024",Georgia Tech,24,Duke,14
7,"Oct 5, 2024",(23)Indiana,41,Northwestern,24
7,"Oct 5, 2024",(16)Iowa State,43,Baylor,21
7,"Oct 5, 2024",Louisiana,23,Southern Mississippi,13
7,"Oct 5, 2024",Louisiana-Monroe,21,James Madison,19
7,"Oct 5, 2024",Marshall,52,Appalachian State,37
7,"Oct 5, 2024",(8)Miami (FL),39,California,38
7,"Oct 5, 2024",Minnesota,24,(11)Southern California,17
7,"Oct 5, 2024",(12)Mississippi,27,South Carolina,3
7,"Oct 5, 2024",Navy,34,Air Force,7
7,"Oct 5, 2024",Nebraska,14,Rutgers,7
7,"Oct 5, 2024",Northern Illinois,34,Massachusetts,20
7,"Oct 5, 2024",(3)Ohio State,35,Iowa,7
7,"Oct 5, 2024",Oregon State,39,Colorado State,31
7,"Oct 5, 2024",(7)Penn State,27,UCLA,11
7,"Oct 5, 2024",Pittsburgh,34,North Carolina,24
7,"Oct 5, 2024",San Diego State,27,Hawaii,24
7,"Oct 5, 2024",San Jose State,35,Nevada,31
7,"Oct 5, 2024",Southern Methodist,34,(22)Louisville,27
7,"Oct 5, 2024",(25)Texas A&M,41,(9)Missouri,10
7,"Oct 5, 2024",Texas Tech,28,Arizona,22
7,"Oct 5, 2024",Toledo,30,Miami (OH),20
7,"Oct 5, 2024",Tulane,71,Alabama-Birmingham,20
7,"Oct 5, 2024",Vanderbilt,40,(1)Alabama,35
7,"Oct 5, 2024",Virginia,24,Boston College,14
7,"Oct 5, 2024",Virginia Tech,31,Stanford,7
7,"Oct 5, 2024",Wake Forest,34,North Carolina State,30
7,"Oct 5, 2024",Washington,27,(10)Michigan,17
7,"Oct 5, 2024",West Virginia,38,Oklahoma State,14
7,"Oct 5, 2024",Western Michigan,45,Ball State,42
7,"Oct 5, 2024",Wisconsin,52,Purdue,6
8,"Oct 8, 2024",Liberty,31,Florida International,24
8,"Oct 9, 2024",Jacksonville State,54,New Mexico State,13
8,"Oct 10, 2024",James Madison,39,Coastal Carolina,7
8,"Oct 10, 2024",Louisiana Tech,48,Middle Tennessee State,21
8,"Oct 10, 2024",Western Kentucky,44,Texas-El Paso,17
8,"Oct 11, 2024",Arizona State,27,(16)Utah,19
8,"Oct 11, 2024",Nevada-Las Vegas,50,Utah State,34
8,"Oct 11, 2024",Northwestern,37,Maryland,10
8,"Oct 12, 2024",(7)Alabama,27,South Carolina,25
8,"Oct 12, 2024",Army,44,Alabama-Birmingham,10
8,"Oct 12, 2024",Ball State,37,Kent State,35
8,"Oct 12, 2024",(17)Boise State,28,Hawaii,7
8,"Oct 12, 2024",(14)Brigham Young,41,Arizona,19
8,"Oct 12, 2024",Buffalo,30,Toledo,15
8,"Oct 12, 2024",Cincinnati,19,Central Florida,13
8,"Oct 12, 2024",(10)Clemson,49,Wake Forest,14
8,"Oct 12, 2024",Colorado State,31,San Jose State,24
8,"Oct 12, 2024",(5)Georgia,41,Mississippi State,31
8,"Oct 12, 2024",Georgia Southern,24,Marshall,23
8,"Oct 12, 2024",Georgia Tech,41,North Carolina,34
8,"Oct 12, 2024",(23)Illinois,50,Purdue,49
8,"Oct 12, 2024",Iowa,40,Washington,16
8,"Oct 12, 2024",(11)Iowa State,28,West Virginia,16
8,"Oct 12, 2024",(18)Kansas State,31,Colorado,28
8,"Oct 12, 2024",Louisiana,34,Appalachian State,24
8,"Oct 12, 2024",(13)Louisiana State,29,(9)Mississippi,26
8,"Oct 12, 2024",Louisiana-Monroe,38,Southern Mississippi,21
8,"Oct 12, 2024",Louisville,24,Virginia,20
8,"Oct 12, 2024",Memphis,21,South Florida,3
8,"Oct 12, 2024",Miami (OH),38,Eastern Michigan,14
8,"Oct 12, 2024",Minnesota,21,UCLA,17
8,"Oct 12, 2024",(21)Missouri,45,Massachusetts,3
8,"Oct 12, 2024",Nevada,42,Oregon State,37
8,"Oct 12, 2024",New Mexico,52,Air Force,37
8,"Oct 12, 2024",North Texas,41,Florida Atlantic,37
8,"Oct 12, 2024",Northern Illinois,17,Bowling Green,7
8,"Oct 12, 2024",(11)Notre Dame,49,Stanford,7
8,"Oct 12, 2024",Ohio,27,Central Michigan,25
8,"Oct 12, 2024",Old Dominion,21,Georgia State,14
8,"Oct 12, 2024",(3)Oregon,32,(2)Ohio State,31
8,"Oct 12, 2024",(4)Penn State,33,Southern California,30
8,"Oct 12, 2024",(22)Pittsburgh,17,California,15
8,"Oct 12, 2024",Rice,29,Texas-San Antonio,27
8,"Oct 12, 2024",San Diego State,27,Wyoming,24
8,"Oct 12, 2024",Syracuse,24,North Carolina State,17
8,"Oct 12, 2024",(8)Tennessee,23,Florida,17
8,"Oct 12, 2024",(1)Texas,34,(18)Oklahoma,3
8,"Oct 12, 2024",Texas State,41,Arkansas State,9
8,"Oct 12, 2024",Vanderbilt,20,Kentucky,13
8,"Oct 12, 2024",Washington State,25,Fresno State,17
8,"Oct 12, 2024",Western Michigan,34,Akron,24
8,"Oct 12, 2024",Wisconsin,42,Rutgers,7
9,"Oct 15, 2024",Middle Tennessee State,14,Kennesaw State,5
9,"Oct 15, 2024",New Mexico State,33,Louisiana Tech,30
9,"Oct 15, 2024",South Alabama,25,Troy,9
9,"Oct 16, 2024",Texas-El Paso,30,Florida International,21
9,"Oct 16, 2024",Western Kentucky,31,Sam Houston,14
9,"Oct 17, 2024",Marshall,35,Georgia State,20
9,"Oct 17, 2024",Virginia Tech,42,Boston College,21
9,"Oct 18, 2024",(13)Brigham Young,38,Oklahoma State,35
9,"Oct 18, 2024",Duke,23,Florida State,16
9,"Oct 18, 2024",Fresno State,24,Nevada,21
9,"Oct 18, 2024",(2)Oregon,35,Purdue,0
9,"Oct 19, 2024",Arkansas State,44,Southern Mississippi,28
9,"Oct 19, 2024",(23)Army,45,East Carolina,28
9,"Oct 19, 2024",Baylor,59,Texas Tech,35
9,"Oct 19, 2024",Bowling Green,27,Kent State,6
9,"Oct 19, 2024",Cincinnati,24,Arizona State,14
9,"Oct 19, 2024",(10)Clemson,48,Virginia,31
9,"Oct 19, 2024",Colorado,34,Arizona,7
9,"Oct 19, 2024",Colorado State,21,Air Force,13
9,"Oct 19, 2024",Eastern Michigan,38,Central Michigan,34
9,"Oct 19, 2024",Florida,48,Kentucky,20
9,"Oct 19, 2024",(5)Georgia,30,(1)Texas,15
9,"Oct 19, 2024",Georgia Southern,28,James Madison,14
9,"Oct 19, 2024",(22)Illinois,21,(24)Michigan,7
9,"Oct 19, 2024",(16)Indiana,56,Nebraska,7
9,"Oct 19, 2024",(9)Iowa State,38,Central Florida,35
9,"Oct 19, 2024",Kansas,42,Houston,14
9,"Oct 19, 2024",(17)Kansas State,45,West Virginia,18
9,"Oct 19, 2024",Louisiana,34,Coastal Carolina,24
9,"Oct 19, 2024",(8)Louisiana State,34,Arkansas,10
9,"Oct 19, 2024",Maryland,29,Southern California,28
9,"Oct 19, 2024",Memphis,52,North Texas,44
9,"Oct 19, 2024",(6)Miami (FL),52,Louisville,45
9,"Oct 19, 2024",Miami (OH),30,Ohio,20
9,"Oct 19, 2024",Michigan State,32,Iowa,20
9,"Oct 19, 2024",(19)Missouri,21,Auburn,17
9,"Oct 19, 2024",(25)Navy,51,Charlotte,17
9,"Oct 19, 2024",Nevada-Las Vegas,33,Oregon State,25
9,"Oct 19, 2024",New Mexico,50,Utah State,45
9,"Oct 19, 2024",North Carolina State,24,California,23
9,"Oct 19, 2024",(12)Notre Dame,31,Georgia Tech,13
9,"Oct 19, 2024",Old Dominion,24,Texas State,14
9,"Oct 19, 2024",San Jose State,24,Wyoming,14
9,"Oct 19, 2024",South Carolina,35,Oklahoma,9
9,"Oct 19, 2024",South Florida,35,Alabama-Birmingham,25
9,"Oct 19, 2024",(21)Southern Methodist,40,Stanford,10
9,"Oct 19, 2024",Temple,20,Tulsa,10
9,"Oct 19, 2024",(11)Tennessee,24,(7)Alabama,17
9,"Oct 19, 2024",(14)Texas A&M,34,Mississippi State,24
9,"Oct 19, 2024",Texas Christian,13,Utah,7
9,"Oct 19, 2024",Texas-San Antonio,38,Florida Atlantic,24
9,"Oct 19, 2024",Toledo,13,Northern Illinois,6
9,"Oct 19, 2024",Tulane,24,Rice,10
9,"Oct 19, 2024",UCLA,35,Rutgers,32
9,"Oct 19, 2024",Vanderbilt,24,Ball State,14
9,"Oct 19, 2024",Wake Forest,23,Connecticut,20
9,"Oct 19, 2024",Washington State,42,Hawaii,10
9,"Oct 19, 2024",Western Michigan,48,Buffalo,41
9,"Oct 19, 2024",Wisconsin,23,Northwestern,3
10,"Oct 22, 2024",Sam Houston,,Florida International,
10,"Oct 22, 2024",Texas-El Paso,,Louisiana Tech,
10,"Oct 23, 2024",Liberty,,Kennesaw State,
10,"Oct 23, 2024",Middle Tennessee State,,Jacksonville State,
10,"Oct 24, 2024",Georgia Southern,,Old Dominion,
10,"Oct 24, 2024",Syracuse,,(19)Pittsburgh,
10,"Oct 25, 2024",(17)Boise State,,Nevada-Las Vegas,
10,"Oct 25, 2024",Louisville,,Boston College,
10,"Oct 25, 2024",Rutgers,,Southern California,
10,"Oct 26, 2024",Arkansas,,Mississippi State,
10,"Oct 26, 2024",Auburn,,Kentucky,
10,"Oct 26, 2024",Bowling Green,,Toledo,
10,"Oct 26, 2024",(11)Brigham Young,,Central Florida,
10,"Oct 26, 2024",Buffalo,,Ohio,
10,"Oct 26, 2024",Central Michigan,,Miami (OH),
10,"Oct 26, 2024",Charlotte,,Memphis,
10,"Oct 26, 2024",Cincinnati,,Colorado,
10,"Oct 26, 2024",Eastern Michigan,,Akron,
10,"Oct 26, 2024",Florida State,,(6)Miami (FL),
10,"Oct 26, 2024",Georgia State,,Appalachian State,
10,"Oct 26, 2024",Georgia Tech,,Virginia Tech,
10,"Oct 26, 2024",(20)Illinois,,(1)Oregon,
10,"Oct 26, 2024",Kansas,,(16)Kansas State,
10,"Oct 26, 2024",Kent State,,Western Michigan,
10,"Oct 26, 2024",(8)Louisiana State,,(14)Texas A&M,
10,"Oct 26, 2024",Louisiana-Monroe,,South Alabama,
10,"Oct 26, 2024",Maryland,,Minnesota,
10,"Oct 26, 2024",Michigan State,,Michigan,
10,"Oct 26, 2024",(21)Missouri,,(15)Alabama,
10,"Oct 26, 2024",Nebraska,,(4)Ohio State,
10,"Oct 26, 2024",New Mexico,,Colorado State,
10,"Oct 26, 2024",North Carolina,,Virginia,
10,"Oct 26, 2024",Northern Illinois,,Ball State,
10,"Oct 26, 2024",Northwestern,,Iowa,
10,"Oct 26, 2024",(12)Notre Dame,,(24)Navy,
10,"Oct 26, 2024",Oklahoma,,(18)Mississippi,
10,"Oct 26, 2024",Oklahoma State,,Baylor,
10,"Oct 26, 2024",Oregon State,,California,
10,"Oct 26, 2024",(3)Penn State,,Wisconsin,
10,"Oct 26, 2024",Rice,,Connecticut,
10,"Oct 26, 2024",San Jose State,,Fresno State,
10,"Oct 26, 2024",(22)Southern Methodist,,Duke,
10,"Oct 26, 2024",Southern Mississippi,,James Madison,
10,"Oct 26, 2024",Temple,,East Carolina,
10,"Oct 26, 2024",(5)Texas,,(25)Vanderbilt,
10,"Oct 26, 2024",Texas Tech,,Texas Christian,
10,"Oct 26, 2024",Texas-San Antonio,,Tulsa,
10,"Oct 26, 2024",Troy,,Arkansas State,
10,"Oct 26, 2024",Tulane,,North Texas,
10,"Oct 26, 2024",Utah,,Houston,
10,"Oct 26, 2024",Utah State,,Wyoming,
10,"Oct 26, 2024",Wagner,,Massachusetts,
10,"Oct 26, 2024",Wake Forest,,Stanford,
10,"Oct 26, 2024",Washington,,(13)Indiana,
10,"Oct 26, 2024",Washington State,,San Diego State,
10,"Oct 26, 2024",West Virginia,,Arizona,
10,"Oct 27, 2024",Nevada,,Hawaii,
11,"Oct 29, 2024",Louisiana,,Texas State,
11,"Oct 29, 2024",Louisiana Tech,,Sam Houston,
11,"Oct 29, 2024",New Mexico State,,Florida International,
11,"Oct 30, 2024",Jacksonville State,,Liberty,
11,"Oct 30, 2024",Kennesaw State,,Western Kentucky,
11,"Oct 31, 2024",Tulane,,Charlotte,
11,"Nov 1, 2024",Georgia State,,Connecticut,
11,"Nov 1, 2024",San Diego State,,(17)Boise State,
11,"Nov 1, 2024",South Florida,,Florida Atlantic,
11,"Nov 2, 2024",Air Force,,(23)Army,
11,"Nov 2, 2024",Arizona,,Central Florida,
11,"Nov 2, 2024",Arizona State,,Oklahoma State,
11,"Nov 2, 2024",Buffalo,,Akron,
11,"Nov 2, 2024",Coastal Carolina,,Troy,
11,"Nov 2, 2024",Colorado State,,Nevada,
11,"Nov 2, 2024",Duke,,(6)Miami (FL),
11,"Nov 2, 2024",(2)Georgia,,Florida,
11,"Nov 2, 2024",Georgia Southern,,South Alabama,
11,"Nov 2, 2024",Hawaii,,Fresno State,
11,"Nov 2, 2024",(13)Indiana,,Michigan State,
11,"Nov 2, 2024",(16)Kansas State,,Houston,
11,"Nov 2, 2024",Kentucky,,(7)Tennessee,
11,"Nov 2, 2024",Louisiana-Monroe,,Marshall,
11,"Nov 2, 2024",Louisville,,(9)Clemson,
11,"Nov 2, 2024",Maine,,Oklahoma,
11,"Nov 2, 2024",Massachusetts,,Mississippi State,
11,"Nov 2, 2024",Memphis,,Texas-San Antonio,
11,"Nov 2, 2024",Middle Tennessee State,,Texas-El Paso,
11,"Nov 2, 2024",Minnesota,,(20)Illinois,
11,"Nov 2, 2024",(18)Mississippi,,Arkansas,
11,"Nov 2, 2024",(24)Navy,,Rice,
11,"Nov 2, 2024",North Carolina,,Florida State,
11,"Nov 2, 2024",Northwestern,,Purdue,
11,"Nov 2, 2024",(4)Ohio State,,(3)Penn State,
11,"Nov 2, 2024",Old Dominion,,Appalachian State,
11,"Nov 2, 2024",(1)Oregon,,Michigan,
11,"Nov 2, 2024",(19)Pittsburgh,,(22)Southern Methodist,
11,"Nov 2, 2024",Southern California,,Washington,
11,"Nov 2, 2024",Stanford,,North Carolina State,
11,"Nov 2, 2024",(14)Texas A&M,,South Carolina,
11,"Nov 2, 2024",Texas Christian,,Baylor,
11,"Nov 2, 2024",Texas Tech,,(10)Iowa State,
11,"Nov 2, 2024",Toledo,,Eastern Michigan,
11,"Nov 2, 2024",Tulsa,,Alabama-Birmingham,
11,"Nov 2, 2024",UCLA,,Nebraska,
11,"Nov 2, 2024",(25)Vanderbilt,,Auburn,
11,"Nov 2, 2024",Virginia Tech,,Syracuse,
11,"Nov 2, 2024",Wisconsin,,Iowa,
11,"Nov 2, 2024",Wyoming,,New Mexico,
12,"Nov 5, 2024",Bowling Green,,Central Michigan,
12,"Nov 5, 2024",Miami (OH),,Ball State,
12,"Nov 6, 2024",Northern Illinois,,Western Michigan,
12,"Nov 6, 2024",Ohio,,Kent State,
12,"Nov 7, 2024",Appalachian State,,Coastal Carolina,
12,"Nov 7, 2024",Florida Atlantic,,East Carolina,
12,"Nov 8, 2024",California,,Wake Forest,
12,"Nov 8, 2024",Iowa,,UCLA,
12,"Nov 8, 2024",New Mexico,,San Diego State,
12,"Nov 8, 2024",Rice,,Memphis,
12,"Nov 9, 2024",(15)Alabama,,(8)Louisiana State,
12,"Nov 9, 2024",Arkansas State,,Louisiana,
12,"Nov 9, 2024",(23)Army,,North Texas,
12,"Nov 9, 2024",(11)Brigham Young,,Utah,
12,"Nov 9, 2024",Central Florida,,Arizona State,
12,"Nov 9, 2024",(9)Clemson,,Virginia Tech,
12,"Nov 9, 2024",Colorado,,Texas Tech,
12,"Nov 9, 2024",Connecticut,,Alabama-Birmingham,
12,"Nov 9, 2024",Duke,,North Carolina State,
12,"Nov 9, 2024",Florida,,(5)Texas,
12,"Nov 9, 2024",Florida State,,(12)Notre Dame,
12,"Nov 9, 2024",Fresno State,,Air Force,
12,"Nov 9, 2024",(2)Georgia,,(18)Mississippi,
12,"Nov 9, 2024",Georgia State,,James Madison,
12,"Nov 9, 2024",(10)Iowa State,,Kansas,
12,"Nov 9, 2024",Jacksonville State,,Louisiana Tech,
12,"Nov 9, 2024",Kennesaw State,,Texas-El Paso,
12,"Nov 9, 2024",Liberty,,Middle Tennessee State,
12,"Nov 9, 2024",Marshall,,Southern Mississippi,
12,"Nov 9, 2024",Maryland,,(1)Oregon,
12,"Nov 9, 2024",(6)Miami (FL),,Georgia Tech,
12,"Nov 9, 2024",Michigan,,(13)Indiana,
12,"Nov 9, 2024",Minnesota,,Rutgers,
12,"Nov 9, 2024",Mississippi State,,(7)Tennessee,
12,"Nov 9, 2024",(24)Navy,,South Florida,
12,"Nov 9, 2024",Nevada,,(17)Boise State,
12,"Nov 9, 2024",Nevada-Las Vegas,,Hawaii,
12,"Nov 9, 2024",Oklahoma,,(21)Missouri,
12,"Nov 9, 2024",Oklahoma State,,Texas Christian,
12,"Nov 9, 2024",Purdue,,(4)Ohio State,
12,"Nov 9, 2024",San Jose State,,Oregon State,
12,"Nov 9, 2024",South Carolina,,(25)Vanderbilt,
12,"Nov 9, 2024",Syracuse,,Boston College,
12,"Nov 9, 2024",Temple,,Tulane,
12,"Nov 9, 2024",Texas State,,Louisiana-Monroe,
12,"Nov 9, 2024",Utah State,,Washington State,
12,"Nov 9, 2024",Virginia,,(19)Pittsburgh,
12,"Nov 9, 2024",Washington,,(3)Penn State,
12,"Nov 9, 2024",West Virginia,,Cincinnati,
12,"Nov 9, 2024",Western Kentucky,,New Mexico State,
13,"Nov 12, 2024",Ball State,,Buffalo,
13,"Nov 12, 2024",Central Michigan,,Toledo,
13,"Nov 12, 2024",Western Michigan,,Bowling Green,
13,"Nov 13, 2024",Akron,,Northern Illinois,
13,"Nov 13, 2024",Eastern Michigan,,Ohio,
13,"Nov 13, 2024",Kent State,,Miami (OH),
13,"Nov 14, 2024",East Carolina,,Tulsa,
13,"Nov 15, 2024",Houston,,Arizona,
13,"Nov 15, 2024",North Texas,,Texas-San Antonio,
13,"Nov 15, 2024",UCLA,,Washington,
13,"Nov 15, 2024",Wyoming,,Colorado State,
13,"Nov 16, 2024",Alabama-Birmingham,,Memphis,
13,"Nov 16, 2024",Arizona State,,(16)Kansas State,
13,"Nov 16, 2024",Arkansas State,,Georgia State,
13,"Nov 16, 2024",Baylor,,West Virginia,
13,"Nov 16, 2024",(17)Boise State,,San Jose State,
13,"Nov 16, 2024",Boston College,,(22)Southern Methodist,
13,"Nov 16, 2024",Cincinnati,,(10)Iowa State,
13,"Nov 16, 2024",(9)Clemson,,(19)Pittsburgh,
13,"Nov 16, 2024",Coastal Carolina,,Marshall,
13,"Nov 16, 2024",Florida Atlantic,,Temple,
13,"Nov 16, 2024",Florida International,,Jacksonville State,
13,"Nov 16, 2024",Hawaii,,Utah State,
13,"Nov 16, 2024",James Madison,,Old Dominion,
13,"Nov 16, 2024",Kansas,,(11)Brigham Young,
13,"Nov 16, 2024",Liberty,,Massachusetts,
13,"Nov 16, 2024",(8)Louisiana State,,Florida,
13,"Nov 16, 2024",Louisiana Tech,,Western Kentucky,
13,"Nov 16, 2024",Louisiana-Monroe,,Auburn,
13,"Nov 16, 2024",Louisville,,Stanford,
13,"Nov 16, 2024",Mercer,,(15)Alabama,
13,"Nov 16, 2024",Michigan State,,(20)Illinois,
13,"Nov 16, 2024",(21)Missouri,,South Carolina,
13,"Nov 16, 2024",Murray State,,Kentucky,
13,"Nov 16, 2024",Nebraska,,Southern California,
13,"Nov 16, 2024",New Mexico State,,(14)Texas A&M,
13,"Nov 16, 2024",(4)Ohio State,,Northwestern,
13,"Nov 16, 2024",(1)Oregon,,Wisconsin,
13,"Nov 16, 2024",Oregon State,,Air Force,
13,"Nov 16, 2024",(3)Penn State,,Purdue,
13,"Nov 16, 2024",Rutgers,,Maryland,
13,"Nov 16, 2024",Sam Houston,,Kennesaw State,
13,"Nov 16, 2024",San Diego State,,Nevada-Las Vegas,
13,"Nov 16, 2024",South Alabama,,Louisiana,
13,"Nov 16, 2024",South Florida,,Charlotte,
13,"Nov 16, 2024",Southern Mississippi,,Texas State,
13,"Nov 16, 2024",Syracuse,,California,
13,"Nov 16, 2024",(7)Tennessee,,(2)Georgia,
13,"Nov 16, 2024",(5)Texas,,Arkansas,
13,"Nov 16, 2024",Troy,,Georgia Southern,
13,"Nov 16, 2024",Tulane,,(24)Navy,
13,"Nov 16, 2024",Utah,,Colorado,
13,"Nov 16, 2024",Virginia,,(12)Notre Dame,
13,"Nov 16, 2024",Wake Forest,,North Carolina,
13,"Nov 16, 2024",Washington State,,New Mexico,
14,"Nov 19, 2024",Akron,,Kent State,
14,"Nov 19, 2024",Northern Illinois,,Miami (OH),
14,"Nov 19, 2024",Western Michigan,,Central Michigan,
14,"Nov 20, 2024",Buffalo,,Eastern Michigan,
14,"Nov 20, 2024",Ohio,,Toledo,
14,"Nov 21, 2024",North Carolina State,,Georgia Tech,
14,"Nov 22, 2024",Nevada-Las Vegas,,San Jose State,
14,"Nov 22, 2024",Purdue,,Michigan State,
14,"Nov 22, 2024",Temple,,Texas-San Antonio,
14,"Nov 23, 2024",Air Force,,Nevada,
14,"Nov 23, 2024",(15)Alabama,,Oklahoma,
14,"Nov 23, 2024",Arizona,,Texas Christian,
14,"Nov 23, 2024",(23)Army,,(12)Notre Dame,
14,"Nov 23, 2024",Baylor,,Houston,
14,"Nov 23, 2024",(17)Boise State,,Wyoming,
14,"Nov 23, 2024",Bowling Green,,Ball State,
14,"Nov 23, 2024",(11)Brigham Young,,Arizona State,
14,"Nov 23, 2024",Central Florida,,West Virginia,
14,"Nov 23, 2024",Charleston Southern,,Florida State,
14,"Nov 23, 2024",Charlotte,,Florida Atlantic,
14,"Nov 23, 2024",Cincinnati,,(16)Kansas State,
14,"Nov 23, 2024",Citadel,,(9)Clemson,
14,"Nov 23, 2024",Colorado,,Kansas,
14,"Nov 23, 2024",Colorado State,,Fresno State,
14,"Nov 23, 2024",Connecticut,,Syracuse,
14,"Nov 23, 2024",East Carolina,,North Texas,
14,"Nov 23, 2024",Florida International,,Kennesaw State,
14,"Nov 23, 2024",Georgia Southern,,Coastal Carolina,
14,"Nov 23, 2024",Georgia State,,Texas State,
14,"Nov 23, 2024",(20)Illinois,,Rutgers,
14,"Nov 23, 2024",(13)Indiana,,(4)Ohio State,
14,"Nov 23, 2024",Iowa,,Maryland,
14,"Nov 23, 2024",(10)Iowa State,,Utah,
14,"Nov 23, 2024",James Madison,,Appalachian State,
14,"Nov 23, 2024",Kentucky,,(5)Texas,
14,"Nov 23, 2024",Louisiana Tech,,Arkansas,
14,"Nov 23, 2024",Louisiana-Monroe,,Arkansas State,
14,"Nov 23, 2024",Marshall,,Old Dominion,
14,"Nov 23, 2024",Massachusetts,,(2)Georgia,
14,"Nov 23, 2024",(18)Mississippi,,Florida,
14,"Nov 23, 2024",(21)Missouri,,Mississippi State,
14,"Nov 23, 2024",New Mexico State,,Middle Tennessee State,
14,"Nov 23, 2024",North Carolina,,Boston College,
14,"Nov 23, 2024",Northwestern,,Michigan,
14,"Nov 23, 2024",(3)Penn State,,Minnesota,
14,"Nov 23, 2024",(19)Pittsburgh,,Louisville,
14,"Nov 23, 2024",Rice,,Alabama-Birmingham,
14,"Nov 23, 2024",Sam Houston,,Jacksonville State,
14,"Nov 23, 2024",San Diego State,,Utah State,
14,"Nov 23, 2024",South Alabama,,Southern Mississippi,
14,"Nov 23, 2024",Southern California,,UCLA,
14,"Nov 23, 2024",(22)Southern Methodist,,Virginia,
14,"Nov 23, 2024",Stanford,,California,
14,"Nov 23, 2024",(14)Texas A&M,,Auburn,
14,"Nov 23, 2024",Texas Tech,,Oklahoma State,
14,"Nov 23, 2024",Texas-El Paso,,(7)Tennessee,
14,"Nov 23, 2024",Troy,,Louisiana,
14,"Nov 23, 2024",Tulsa,,South Florida,
14,"Nov 23, 2024",(25)Vanderbilt,,(8)Louisiana State,
14,"Nov 23, 2024",Virginia Tech,,Duke,
14,"Nov 23, 2024",Wake Forest,,(6)Miami (FL),
14,"Nov 23, 2024",Washington State,,Oregon State,
14,"Nov 23, 2024",Western Kentucky,,Liberty,
14,"Nov 23, 2024",Wisconsin,,Nebraska,
14,"Nov 23, 2024",Wofford,,South Carolina,
15,"Nov 26, 2024",Kent State,,Buffalo,
15,"Nov 26, 2024",Toledo,,Akron,
15,"Nov 28, 2024",Memphis,,Tulane,
15,"Nov 29, 2024",Alabama-Birmingham,,Charlotte,
15,"Nov 29, 2024",Ball State,,Ohio,
15,"Nov 29, 2024",Georgia Tech,,(2)Georgia,
15,"Nov 29, 2024",Liberty,,Sam Houston,
15,"Nov 29, 2024",Miami (OH),,Bowling Green,
15,"Nov 29, 2024",Minnesota,,Wisconsin,
15,"Nov 29, 2024",Mississippi State,,(18)Mississippi,
15,"Nov 29, 2024",(24)Navy,,East Carolina,
15,"Nov 29, 2024",Nebraska,,Iowa,
15,"Nov 29, 2024",Oklahoma State,,Colorado,
15,"Nov 29, 2024",Stanford,,San Jose State,
15,"Nov 29, 2024",Texas State,,South Alabama,
15,"Nov 29, 2024",Utah,,Central Florida,
15,"Nov 29, 2024",Utah State,,Colorado State,
15,"Nov 30, 2024",Air Force,,San Diego State,
15,"Nov 30, 2024",Appalachian State,,Georgia Southern,
15,"Nov 30, 2024",Arizona State,,Arizona,
15,"Nov 30, 2024",Arkansas,,(21)Missouri,
15,"Nov 30, 2024",Auburn,,(15)Alabama,
15,"Nov 30, 2024",California,,(22)Southern Methodist,
15,"Nov 30, 2024",Central Michigan,,Northern Illinois,
15,"Nov 30, 2024",Coastal Carolina,,Georgia State,
15,"Nov 30, 2024",Connecticut,,Massachusetts,
15,"Nov 30, 2024",Duke,,Wake Forest,
15,"Nov 30, 2024",Eastern Michigan,,Western Michigan,
15,"Nov 30, 2024",Florida,,Florida State,
15,"Nov 30, 2024",Florida Atlantic,,Tulsa,
15,"Nov 30, 2024",Fresno State,,UCLA,
15,"Nov 30, 2024",Houston,,(11)Brigham Young,
15,"Nov 30, 2024",(20)Illinois,,Northwestern,
15,"Nov 30, 2024",Jacksonville State,,Western Kentucky,
15,"Nov 30, 2024",Kansas,,Baylor,
15,"Nov 30, 2024",(16)Kansas State,,(10)Iowa State,
15,"Nov 30, 2024",Kennesaw State,,Louisiana Tech,
15,"Nov 30, 2024",Louisiana,,Louisiana-Monroe,
15,"Nov 30, 2024",Louisville,,Kentucky,
15,"Nov 30, 2024",Marshall,,James Madison,
15,"Nov 30, 2024",Maryland,,(3)Penn State,
15,"Nov 30, 2024",(6)Miami (FL),,Syracuse,
15,"Nov 30, 2024",Michigan,,(4)Ohio State,
15,"Nov 30, 2024",Middle Tennessee State,,Florida International,
15,"Nov 30, 2024",Nevada,,Nevada-Las Vegas,
15,"Nov 30, 2024",New Mexico,,Hawaii,
15,"Nov 30, 2024",North Carolina State,,North Carolina,
15,"Nov 30, 2024",North Texas,,Temple,
15,"Nov 30, 2024",(12)Notre Dame,,Southern California,
15,"Nov 30, 2024",Oklahoma,,(8)Louisiana State,
15,"Nov 30, 2024",Old Dominion,,Arkansas State,
15,"Nov 30, 2024",Oregon State,,(17)Boise State,
15,"Nov 30, 2024",(19)Pittsburgh,,Boston College,
15,"Nov 30, 2024",Purdue,,(13)Indiana,
15,"Nov 30, 2024",Rutgers,,Michigan State,
15,"Nov 30, 2024",South Carolina,,(9)Clemson,
15,"Nov 30, 2024",South Florida,,Rice,
15,"Nov 30, 2024",Southern Mississippi,,Troy,
15,"Nov 30, 2024",(7)Tennessee,,(25)Vanderbilt,
15,"Nov 30, 2024",(5)Texas,,(14)Texas A&M,
15,"Nov 30, 2024",Texas Christian,,Cincinnati,
15,"Nov 30, 2024",Texas-El Paso,,New Mexico State,
15,"Nov 30, 2024",Texas-San Antonio,,(23)Army,
15,"Nov 30, 2024",Virginia,,Virginia Tech,
15,"Nov 30, 2024",Washington,,(1)Oregon,
15,"Nov 30, 2024",West Virginia,,Texas Tech,
15,"Nov 30, 2024",Wyoming,,Washington State,
16,"Dec 14, 2024",(23)Army,,(24)Navy,
