"Game Id","School","Conference","HomeAway","Points","Stat Category","Stat"
"401404049","BYU","FBS Independents","away","35","fumblesRecovered","0"
"401404049","BYU","FBS Independents","away","35","rushingTDs","3"
"401404049","BYU","FBS Independents","away","35","passingTDs","2"
"401404049","BYU","FBS Independents","away","35","kickReturnYards","27"
"401404049","BYU","FBS Independents","away","35","kickReturnTDs","0"
"401404049","BYU","FBS Independents","away","35","kickReturns","1"
"401404049","BYU","FBS Independents","away","35","kickingPoints","5"
"401404049","BYU","FBS Independents","away","35","tacklesForLoss","3"
"401404049","BYU","FBS Independents","away","35","defensiveTDs","0"
"401404049","BYU","FBS Independents","away","35","tackles","27"
"401404049","BYU","FBS Independents","away","35","sacks","3"
"401404049","BYU","FBS Independents","away","35","qbHurries","0"
"401404049","BYU","FBS Independents","away","35","passesDeflected","3"
"401404049","BYU","FBS Independents","away","35","possessionTime","32:27"
"401404049","BYU","FBS Independents","away","35","interceptions","0"
"401404049","BYU","FBS Independents","away","35","fumblesLost","0"
"401404049","BYU","FBS Independents","away","35","turnovers","0"
"401404049","BYU","FBS Independents","away","35","totalPenaltiesYards","0-0"
"401404049","BYU","FBS Independents","away","35","yardsPerRushAttempt","7.2"
"401404049","BYU","FBS Independents","away","35","rushingAttempts","50"
"401404049","BYU","FBS Independents","away","35","rushingYards","358"
"401404049","BYU","FBS Independents","away","35","yardsPerPass","7.8"
"401404049","BYU","FBS Independents","away","35","completionAttempts","7-12"
"401404049","BYU","FBS Independents","away","35","netPassingYards","93"
"401404049","BYU","FBS Independents","away","35","totalYards","451"
"401404049","BYU","FBS Independents","away","35","fourthDownEff","0-1"
"401404049","BYU","FBS Independents","away","35","thirdDownEff","6-9"
"401404049","BYU","FBS Independents","away","35","firstDowns","27"
"401404049","Stanford","Pac-12","home","26","fumblesRecovered","0"
"401404049","Stanford","Pac-12","home","26","rushingTDs","2"
"401404049","Stanford","Pac-12","home","26","puntReturnYards","2"
"401404049","Stanford","Pac-12","home","26","puntReturnTDs","0"
"401404049","Stanford","Pac-12","home","26","puntReturns","1"
"401404049","Stanford","Pac-12","home","26","passingTDs","1"
"401404049","Stanford","Pac-12","home","26","kickReturnYards","90"
"401404049","Stanford","Pac-12","home","26","kickReturnTDs","0"
"401404049","Stanford","Pac-12","home","26","kickReturns","5"
"401404049","Stanford","Pac-12","home","26","kickingPoints","6"
"401404049","Stanford","Pac-12","home","26","tacklesForLoss","2"
"401404049","Stanford","Pac-12","home","26","defensiveTDs","0"
"401404049","Stanford","Pac-12","home","26","tackles","21"
"401404049","Stanford","Pac-12","home","26","sacks","0"
"401404049","Stanford","Pac-12","home","26","qbHurries","0"
"401404049","Stanford","Pac-12","home","26","passesDeflected","1"
"401404049","Stanford","Pac-12","home","26","possessionTime","27:33"
"401404049","Stanford","Pac-12","home","26","interceptions","0"
"401404049","Stanford","Pac-12","home","26","fumblesLost","0"
"401404049","Stanford","Pac-12","home","26","turnovers","0"
"401404049","Stanford","Pac-12","home","26","totalPenaltiesYards","6-50"
"401404049","Stanford","Pac-12","home","26","yardsPerRushAttempt","2.8"
"401404049","Stanford","Pac-12","home","26","rushingAttempts","19"
"401404049","Stanford","Pac-12","home","26","rushingYards","53"
"401404049","Stanford","Pac-12","home","26","yardsPerPass","7.6"
"401404049","Stanford","Pac-12","home","26","completionAttempts","32-42"
"401404049","Stanford","Pac-12","home","26","netPassingYards","318"
"401404049","Stanford","Pac-12","home","26","totalYards","371"
"401404049","Stanford","Pac-12","home","26","fourthDownEff","2-2"
"401404049","Stanford","Pac-12","home","26","thirdDownEff","7-13"
"401404049","Stanford","Pac-12","home","26","firstDowns","20"
"401404018","Arizona State","Pac-12","away","14","rushingTDs","1"
"401404018","Arizona State","Pac-12","away","14","puntReturnYards","2"
"401404018","Arizona State","Pac-12","away","14","puntReturnTDs","0"
"401404018","Arizona State","Pac-12","away","14","puntReturns","1"
"401404018","Arizona State","Pac-12","away","14","passingTDs","1"
"401404018","Arizona State","Pac-12","away","14","kickReturnYards","55"
"401404018","Arizona State","Pac-12","away","14","kickReturnTDs","0"
"401404018","Arizona State","Pac-12","away","14","kickReturns","2"
"401404018","Arizona State","Pac-12","away","14","kickingPoints","2"
"401404018","Arizona State","Pac-12","away","14","interceptionYards","0"
"401404018","Arizona State","Pac-12","away","14","interceptionTDs","0"
"401404018","Arizona State","Pac-12","away","14","passesIntercepted","1"
"401404018","Arizona State","Pac-12","away","14","fumblesRecovered","0"
"401404018","Arizona State","Pac-12","away","14","totalFumbles","1"
"401404018","Arizona State","Pac-12","away","14","tacklesForLoss","6"
"401404018","Arizona State","Pac-12","away","14","defensiveTDs","0"
"401404018","Arizona State","Pac-12","away","14","tackles","34"
"401404018","Arizona State","Pac-12","away","14","sacks","4"
"401404018","Arizona State","Pac-12","away","14","qbHurries","3"
"401404018","Arizona State","Pac-12","away","14","passesDeflected","8"
"401404018","Arizona State","Pac-12","away","14","possessionTime","28:22"
"401404018","Arizona State","Pac-12","away","14","interceptions","1"
"401404018","Arizona State","Pac-12","away","14","fumblesLost","0"
"401404018","Arizona State","Pac-12","away","14","turnovers","1"
"401404018","Arizona State","Pac-12","away","14","totalPenaltiesYards","8-75"
"401404018","Arizona State","Pac-12","away","14","yardsPerRushAttempt","3.8"
"401404018","Arizona State","Pac-12","away","14","rushingAttempts","34"
"401404018","Arizona State","Pac-12","away","14","rushingYards","128"
"401404018","Arizona State","Pac-12","away","14","yardsPerPass","8.7"
"401404018","Arizona State","Pac-12","away","14","completionAttempts","14-26"
"401404018","Arizona State","Pac-12","away","14","netPassingYards","227"
"401404018","Arizona State","Pac-12","away","14","totalYards","355"
"401404018","Arizona State","Pac-12","away","14","fourthDownEff","1-2"
"401404018","Arizona State","Pac-12","away","14","thirdDownEff","4-13"
"401404018","Arizona State","Pac-12","away","14","firstDowns","19"
"401404018","Stanford","Pac-12","home","15","rushingTDs","0"
"401404018","Stanford","Pac-12","home","15","puntReturnYards","5"
"401404018","Stanford","Pac-12","home","15","puntReturnTDs","0"
"401404018","Stanford","Pac-12","home","15","puntReturns","1"
"401404018","Stanford","Pac-12","home","15","passingTDs","0"
"401404018","Stanford","Pac-12","home","15","kickReturnYards","48"
"401404018","Stanford","Pac-12","home","15","kickReturnTDs","0"
"401404018","Stanford","Pac-12","home","15","kickReturns","2"
"401404018","Stanford","Pac-12","home","15","kickingPoints","15"
"401404018","Stanford","Pac-12","home","15","interceptionYards","0"
"401404018","Stanford","Pac-12","home","15","interceptionTDs","0"
"401404018","Stanford","Pac-12","home","15","passesIntercepted","1"
"401404018","Stanford","Pac-12","home","15","fumblesRecovered","0"
"401404018","Stanford","Pac-12","home","15","totalFumbles","1"
"401404018","Stanford","Pac-12","home","15","tacklesForLoss","10"
"401404018","Stanford","Pac-12","home","15","defensiveTDs","0"
"401404018","Stanford","Pac-12","home","15","tackles","29"
"401404018","Stanford","Pac-12","home","15","sacks","4"
"401404018","Stanford","Pac-12","home","15","qbHurries","4"
"401404018","Stanford","Pac-12","home","15","passesDeflected","3"
"401404018","Stanford","Pac-12","home","15","possessionTime","31:38"
"401404018","Stanford","Pac-12","home","15","interceptions","1"
"401404018","Stanford","Pac-12","home","15","fumblesLost","0"
"401404018","Stanford","Pac-12","home","15","turnovers","1"
"401404018","Stanford","Pac-12","home","15","totalPenaltiesYards","6-60"
"401404018","Stanford","Pac-12","home","15","yardsPerRushAttempt","3.1"
"401404018","Stanford","Pac-12","home","15","rushingAttempts","25"
"401404018","Stanford","Pac-12","home","15","rushingYards","78"
"401404018","Stanford","Pac-12","home","15","yardsPerPass","5.5"
"401404018","Stanford","Pac-12","home","15","completionAttempts","33-58"
"401404018","Stanford","Pac-12","home","15","netPassingYards","320"
"401404018","Stanford","Pac-12","home","15","totalYards","398"
"401404018","Stanford","Pac-12","home","15","fourthDownEff","0-1"
"401404018","Stanford","Pac-12","home","15","thirdDownEff","9-19"
"401404018","Stanford","Pac-12","home","15","firstDowns","28"
"401403970","Stanford","Pac-12","home","41","rushingTDs","3"
"401403970","Stanford","Pac-12","home","41","puntReturnYards","7"
"401403970","Stanford","Pac-12","home","41","puntReturnTDs","0"
"401403970","Stanford","Pac-12","home","41","puntReturns","7"
"401403970","Stanford","Pac-12","home","41","passingTDs","3"
"401403970","Stanford","Pac-12","home","41","kickReturnYards","36"
"401403970","Stanford","Pac-12","home","41","kickReturnTDs","0"
"401403970","Stanford","Pac-12","home","41","kickReturns","2"
"401403970","Stanford","Pac-12","home","41","kickingPoints","5"
"401403970","Stanford","Pac-12","home","41","interceptionYards","0"
"401403970","Stanford","Pac-12","home","41","interceptionTDs","0"
"401403970","Stanford","Pac-12","home","41","passesIntercepted","1"
"401403970","Stanford","Pac-12","home","41","fumblesRecovered","0"
"401403970","Stanford","Pac-12","home","41","totalFumbles","4"
"401403970","Stanford","Pac-12","home","41","tacklesForLoss","3"
"401403970","Stanford","Pac-12","home","41","defensiveTDs","0"
"401403970","Stanford","Pac-12","home","41","tackles","26"
"401403970","Stanford","Pac-12","home","41","sacks","2"
"401403970","Stanford","Pac-12","home","41","qbHurries","7"
"401403970","Stanford","Pac-12","home","41","passesDeflected","2"
"401403970","Stanford","Pac-12","home","41","possessionTime","27:54"
"401403970","Stanford","Pac-12","home","41","interceptions","1"
"401403970","Stanford","Pac-12","home","41","fumblesLost","3"
"401403970","Stanford","Pac-12","home","41","turnovers","4"
"401403970","Stanford","Pac-12","home","41","totalPenaltiesYards","2-20"
"401403970","Stanford","Pac-12","home","41","yardsPerRushAttempt","6.0"
"401403970","Stanford","Pac-12","home","41","rushingAttempts","28"
"401403970","Stanford","Pac-12","home","41","rushingYards","169"
"401403970","Stanford","Pac-12","home","41","yardsPerPass","10.9"
"401403970","Stanford","Pac-12","home","41","completionAttempts","24-30"
"401403970","Stanford","Pac-12","home","41","netPassingYards","328"
"401403970","Stanford","Pac-12","home","41","totalYards","497"
"401403970","Stanford","Pac-12","home","41","fourthDownEff","1-1"
"401403970","Stanford","Pac-12","home","41","thirdDownEff","4-9"
"401403970","Stanford","Pac-12","home","41","firstDowns","20"
"401403970","Colgate","Patriot","away","10","rushingTDs","0"
"401403970","Colgate","Patriot","away","10","puntReturnYards","17"
"401403970","Colgate","Patriot","away","10","puntReturnTDs","0"
"401403970","Colgate","Patriot","away","10","puntReturns","2"
"401403970","Colgate","Patriot","away","10","passingTDs","0"
"401403970","Colgate","Patriot","away","10","kickReturnYards","13"
"401403970","Colgate","Patriot","away","10","kickReturnTDs","0"
"401403970","Colgate","Patriot","away","10","kickReturns","2"
"401403970","Colgate","Patriot","away","10","kickingPoints","4"
"401403970","Colgate","Patriot","away","10","interceptionYards","-2"
"401403970","Colgate","Patriot","away","10","interceptionTDs","0"
"401403970","Colgate","Patriot","away","10","passesIntercepted","1"
"401403970","Colgate","Patriot","away","10","fumblesRecovered","6"
"401403970","Colgate","Patriot","away","10","totalFumbles","1"
"401403970","Colgate","Patriot","away","10","tacklesForLoss","5"
"401403970","Colgate","Patriot","away","10","defensiveTDs","0"
"401403970","Colgate","Patriot","away","10","tackles","31"
"401403970","Colgate","Patriot","away","10","sacks","0"
"401403970","Colgate","Patriot","away","10","qbHurries","1"
"401403970","Colgate","Patriot","away","10","passesDeflected","0"
"401403970","Colgate","Patriot","away","10","possessionTime","32:06"
"401403970","Colgate","Patriot","away","10","interceptions","1"
"401403970","Colgate","Patriot","away","10","fumblesLost","0"
"401403970","Colgate","Patriot","away","10","turnovers","1"
"401403970","Colgate","Patriot","away","10","totalPenaltiesYards","6-40"
"401403970","Colgate","Patriot","away","10","yardsPerRushAttempt","4.1"
"401403970","Colgate","Patriot","away","10","rushingAttempts","39"
"401403970","Colgate","Patriot","away","10","rushingYards","159"
"401403970","Colgate","Patriot","away","10","yardsPerPass","3.0"
"401403970","Colgate","Patriot","away","10","completionAttempts","10-20"
"401403970","Colgate","Patriot","away","10","netPassingYards","59"
"401403970","Colgate","Patriot","away","10","totalYards","218"
"401403970","Colgate","Patriot","away","10","fourthDownEff","0-0"
"401403970","Colgate","Patriot","away","10","thirdDownEff","4-16"
"401403970","Colgate","Patriot","away","10","firstDowns","11"
"401404010","Stanford","Pac-12","home","27","fumblesRecovered","0"
"401404010","Stanford","Pac-12","home","27","rushingTDs","1"
"401404010","Stanford","Pac-12","home","27","puntReturnYards","19"
"401404010","Stanford","Pac-12","home","27","puntReturnTDs","0"
"401404010","Stanford","Pac-12","home","27","puntReturns","2"
"401404010","Stanford","Pac-12","home","27","passingTDs","2"
"401404010","Stanford","Pac-12","home","27","kickReturnYards","42"
"401404010","Stanford","Pac-12","home","27","kickReturnTDs","0"
"401404010","Stanford","Pac-12","home","27","kickReturns","2"
"401404010","Stanford","Pac-12","home","27","kickingPoints","9"
"401404010","Stanford","Pac-12","home","27","tacklesForLoss","8"
"401404010","Stanford","Pac-12","home","27","defensiveTDs","0"
"401404010","Stanford","Pac-12","home","27","tackles","34"
"401404010","Stanford","Pac-12","home","27","sacks","4"
"401404010","Stanford","Pac-12","home","27","qbHurries","2"
"401404010","Stanford","Pac-12","home","27","passesDeflected","1"
"401404010","Stanford","Pac-12","home","27","possessionTime","26:18"
"401404010","Stanford","Pac-12","home","27","interceptions","1"
"401404010","Stanford","Pac-12","home","27","fumblesLost","0"
"401404010","Stanford","Pac-12","home","27","turnovers","1"
"401404010","Stanford","Pac-12","home","27","totalPenaltiesYards","7-75"
"401404010","Stanford","Pac-12","home","27","yardsPerRushAttempt","3.3"
"401404010","Stanford","Pac-12","home","27","rushingAttempts","27"
"401404010","Stanford","Pac-12","home","27","rushingYards","90"
"401404010","Stanford","Pac-12","home","27","yardsPerPass","7.9"
"401404010","Stanford","Pac-12","home","27","completionAttempts","20-34"
"401404010","Stanford","Pac-12","home","27","netPassingYards","269"
"401404010","Stanford","Pac-12","home","27","totalYards","359"
"401404010","Stanford","Pac-12","home","27","fourthDownEff","0-0"
"401404010","Stanford","Pac-12","home","27","thirdDownEff","5-12"
"401404010","Stanford","Pac-12","home","27","firstDowns","19"
"401404010","Oregon State","Pac-12","away","28","fumblesRecovered","0"
"401404010","Oregon State","Pac-12","away","28","rushingTDs","2"
"401404010","Oregon State","Pac-12","away","28","puntReturnYards","11"
"401404010","Oregon State","Pac-12","away","28","puntReturnTDs","0"
"401404010","Oregon State","Pac-12","away","28","puntReturns","1"
"401404010","Oregon State","Pac-12","away","28","passingTDs","2"
"401404010","Oregon State","Pac-12","away","28","kickReturnYards","22"
"401404010","Oregon State","Pac-12","away","28","kickReturnTDs","0"
"401404010","Oregon State","Pac-12","away","28","kickReturns","1"
"401404010","Oregon State","Pac-12","away","28","kickingPoints","4"
"401404010","Oregon State","Pac-12","away","28","interceptionYards","0"
"401404010","Oregon State","Pac-12","away","28","interceptionTDs","0"
"401404010","Oregon State","Pac-12","away","28","passesIntercepted","1"
"401404010","Oregon State","Pac-12","away","28","tacklesForLoss","2"
"401404010","Oregon State","Pac-12","away","28","defensiveTDs","0"
"401404010","Oregon State","Pac-12","away","28","tackles","27"
"401404010","Oregon State","Pac-12","away","28","sacks","1"
"401404010","Oregon State","Pac-12","away","28","qbHurries","1"
"401404010","Oregon State","Pac-12","away","28","passesDeflected","5"
"401404010","Oregon State","Pac-12","away","28","possessionTime","33:42"
"401404010","Oregon State","Pac-12","away","28","interceptions","0"
"401404010","Oregon State","Pac-12","away","28","fumblesLost","0"
"401404010","Oregon State","Pac-12","away","28","turnovers","0"
"401404010","Oregon State","Pac-12","away","28","totalPenaltiesYards","9-90"
"401404010","Oregon State","Pac-12","away","28","yardsPerRushAttempt","4.8"
"401404010","Oregon State","Pac-12","away","28","rushingAttempts","40"
"401404010","Oregon State","Pac-12","away","28","rushingYards","192"
"401404010","Oregon State","Pac-12","away","28","yardsPerPass","8.6"
"401404010","Oregon State","Pac-12","away","28","completionAttempts","20-29"
"401404010","Oregon State","Pac-12","away","28","netPassingYards","250"
"401404010","Oregon State","Pac-12","away","28","totalYards","442"
"401404010","Oregon State","Pac-12","away","28","fourthDownEff","2-2"
"401404010","Oregon State","Pac-12","away","28","thirdDownEff","4-13"
"401404010","Oregon State","Pac-12","away","28","firstDowns","23"
"401403980","USC","Pac-12","away","41","rushingTDs","1"
"401403980","USC","Pac-12","away","41","puntReturnYards","-3"
"401403980","USC","Pac-12","away","41","puntReturnTDs","0"
"401403980","USC","Pac-12","away","41","puntReturns","1"
"401403980","USC","Pac-12","away","41","passingTDs","4"
"401403980","USC","Pac-12","away","41","kickingPoints","11"
"401403980","USC","Pac-12","away","41","interceptionYards","49"
"401403980","USC","Pac-12","away","41","interceptionTDs","0"
"401403980","USC","Pac-12","away","41","passesIntercepted","2"
"401403980","USC","Pac-12","away","41","fumblesRecovered","4"
"401403980","USC","Pac-12","away","41","totalFumbles","1"
"401403980","USC","Pac-12","away","41","tacklesForLoss","12"
"401403980","USC","Pac-12","away","41","defensiveTDs","0"
"401403980","USC","Pac-12","away","41","tackles","48"
"401403980","USC","Pac-12","away","41","sacks","5"
"401403980","USC","Pac-12","away","41","qbHurries","1"
"401403980","USC","Pac-12","away","41","passesDeflected","4"
"401403980","USC","Pac-12","away","41","possessionTime","30:33"
"401403980","USC","Pac-12","away","41","interceptions","0"
"401403980","USC","Pac-12","away","41","fumblesLost","0"
"401403980","USC","Pac-12","away","41","turnovers","0"
"401403980","USC","Pac-12","away","41","totalPenaltiesYards","9-104"
"401403980","USC","Pac-12","away","41","yardsPerRushAttempt","4.6"
"401403980","USC","Pac-12","away","41","rushingAttempts","36"
"401403980","USC","Pac-12","away","41","rushingYards","164"
"401403980","USC","Pac-12","away","41","yardsPerPass","12.6"
"401403980","USC","Pac-12","away","41","completionAttempts","20-27"
"401403980","USC","Pac-12","away","41","netPassingYards","341"
"401403980","USC","Pac-12","away","41","totalYards","505"
"401403980","USC","Pac-12","away","41","fourthDownEff","0-0"
"401403980","USC","Pac-12","away","41","thirdDownEff","3-8"
"401403980","USC","Pac-12","away","41","firstDowns","25"
"401403980","Stanford","Pac-12","home","28","rushingTDs","3"
"401403980","Stanford","Pac-12","home","28","passingTDs","1"
"401403980","Stanford","Pac-12","home","28","kickReturnYards","90"
"401403980","Stanford","Pac-12","home","28","kickReturnTDs","0"
"401403980","Stanford","Pac-12","home","28","kickReturns","4"
"401403980","Stanford","Pac-12","home","28","kickingPoints","4"
"401403980","Stanford","Pac-12","home","28","fumblesRecovered","0"
"401403980","Stanford","Pac-12","home","28","totalFumbles","2"
"401403980","Stanford","Pac-12","home","28","tacklesForLoss","5"
"401403980","Stanford","Pac-12","home","28","defensiveTDs","0"
"401403980","Stanford","Pac-12","home","28","tackles","38"
"401403980","Stanford","Pac-12","home","28","sacks","3"
"401403980","Stanford","Pac-12","home","28","qbHurries","3"
"401403980","Stanford","Pac-12","home","28","passesDeflected","1"
"401403980","Stanford","Pac-12","home","28","possessionTime","29:27"
"401403980","Stanford","Pac-12","home","28","interceptions","2"
"401403980","Stanford","Pac-12","home","28","fumblesLost","2"
"401403980","Stanford","Pac-12","home","28","turnovers","4"
"401403980","Stanford","Pac-12","home","28","totalPenaltiesYards","5-42"
"401403980","Stanford","Pac-12","home","28","yardsPerRushAttempt","4.9"
"401403980","Stanford","Pac-12","home","28","rushingAttempts","45"
"401403980","Stanford","Pac-12","home","28","rushingYards","221"
"401403980","Stanford","Pac-12","home","28","yardsPerPass","6.3"
"401403980","Stanford","Pac-12","home","28","completionAttempts","20-35"
"401403980","Stanford","Pac-12","home","28","netPassingYards","220"
"401403980","Stanford","Pac-12","home","28","totalYards","441"
"401403980","Stanford","Pac-12","home","28","fourthDownEff","3-5"
"401403980","Stanford","Pac-12","home","28","thirdDownEff","5-13"
"401403980","Stanford","Pac-12","home","28","firstDowns","33"
"401404001","Washington","Pac-12","home","40","rushingTDs","2"
"401404001","Washington","Pac-12","home","40","puntReturnYards","10"
"401404001","Washington","Pac-12","home","40","puntReturnTDs","0"
"401404001","Washington","Pac-12","home","40","puntReturns","2"
"401404001","Washington","Pac-12","home","40","passingTDs","2"
"401404001","Washington","Pac-12","home","40","kickingPoints","16"
"401404001","Washington","Pac-12","home","40","interceptionYards","0"
"401404001","Washington","Pac-12","home","40","interceptionTDs","0"
"401404001","Washington","Pac-12","home","40","passesIntercepted","1"
"401404001","Washington","Pac-12","home","40","fumblesRecovered","2"
"401404001","Washington","Pac-12","home","40","totalFumbles","1"
"401404001","Washington","Pac-12","home","40","tacklesForLoss","10"
"401404001","Washington","Pac-12","home","40","defensiveTDs","0"
"401404001","Washington","Pac-12","home","40","tackles","45"
"401404001","Washington","Pac-12","home","40","sacks","8"
"401404001","Washington","Pac-12","home","40","qbHurries","0"
"401404001","Washington","Pac-12","home","40","passesDeflected","3"
"401404001","Washington","Pac-12","home","40","possessionTime","33:30"
"401404001","Washington","Pac-12","home","40","interceptions","0"
"401404001","Washington","Pac-12","home","40","fumblesLost","0"
"401404001","Washington","Pac-12","home","40","turnovers","0"
"401404001","Washington","Pac-12","home","40","totalPenaltiesYards","5-32"
"401404001","Washington","Pac-12","home","40","yardsPerRushAttempt","5.3"
"401404001","Washington","Pac-12","home","40","rushingAttempts","32"
"401404001","Washington","Pac-12","home","40","rushingYards","169"
"401404001","Washington","Pac-12","home","40","yardsPerPass","8.4"
"401404001","Washington","Pac-12","home","40","completionAttempts","22-37"
"401404001","Washington","Pac-12","home","40","netPassingYards","309"
"401404001","Washington","Pac-12","home","40","totalYards","478"
"401404001","Washington","Pac-12","home","40","fourthDownEff","1-1"
"401404001","Washington","Pac-12","home","40","thirdDownEff","6-15"
"401404001","Washington","Pac-12","home","40","firstDowns","23"
"401404001","Stanford","Pac-12","away","22","rushingTDs","0"
"401404001","Stanford","Pac-12","away","22","puntReturnYards","8"
"401404001","Stanford","Pac-12","away","22","puntReturnTDs","0"
"401404001","Stanford","Pac-12","away","22","puntReturns","2"
"401404001","Stanford","Pac-12","away","22","passingTDs","3"
"401404001","Stanford","Pac-12","away","22","kickReturnYards","106"
"401404001","Stanford","Pac-12","away","22","kickReturnTDs","0"
"401404001","Stanford","Pac-12","away","22","kickReturns","6"
"401404001","Stanford","Pac-12","away","22","kickingPoints","2"
"401404001","Stanford","Pac-12","away","22","fumblesRecovered","0"
"401404001","Stanford","Pac-12","away","22","totalFumbles","2"
"401404001","Stanford","Pac-12","away","22","tacklesForLoss","4"
"401404001","Stanford","Pac-12","away","22","defensiveTDs","0"
"401404001","Stanford","Pac-12","away","22","tackles","36"
"401404001","Stanford","Pac-12","away","22","sacks","0"
"401404001","Stanford","Pac-12","away","22","qbHurries","0"
"401404001","Stanford","Pac-12","away","22","passesDeflected","3"
"401404001","Stanford","Pac-12","away","22","possessionTime","26:30"
"401404001","Stanford","Pac-12","away","22","interceptions","1"
"401404001","Stanford","Pac-12","away","22","fumblesLost","2"
"401404001","Stanford","Pac-12","away","22","turnovers","3"
"401404001","Stanford","Pac-12","away","22","totalPenaltiesYards","2-23"
"401404001","Stanford","Pac-12","away","22","yardsPerRushAttempt","2.4"
"401404001","Stanford","Pac-12","away","22","rushingAttempts","36"
"401404001","Stanford","Pac-12","away","22","rushingYards","86"
"401404001","Stanford","Pac-12","away","22","yardsPerPass","11.0"
"401404001","Stanford","Pac-12","away","22","completionAttempts","17-26"
"401404001","Stanford","Pac-12","away","22","netPassingYards","286"
"401404001","Stanford","Pac-12","away","22","totalYards","372"
"401404001","Stanford","Pac-12","away","22","fourthDownEff","1-2"
"401404001","Stanford","Pac-12","away","22","thirdDownEff","5-12"
"401404001","Stanford","Pac-12","away","22","firstDowns","18"
"401404005","Oregon","Pac-12","home","45","rushingTDs","4"
"401404005","Oregon","Pac-12","home","45","puntReturnYards","7"
"401404005","Oregon","Pac-12","home","45","puntReturnTDs","0"
"401404005","Oregon","Pac-12","home","45","puntReturns","2"
"401404005","Oregon","Pac-12","home","45","passingTDs","2"
"401404005","Oregon","Pac-12","home","45","kickReturnYards","26"
"401404005","Oregon","Pac-12","home","45","kickReturnTDs","0"
"401404005","Oregon","Pac-12","home","45","kickReturns","3"
"401404005","Oregon","Pac-12","home","45","kickingPoints","9"
"401404005","Oregon","Pac-12","home","45","fumblesRecovered","2"
"401404005","Oregon","Pac-12","home","45","totalFumbles","0"
"401404005","Oregon","Pac-12","home","45","tacklesForLoss","6"
"401404005","Oregon","Pac-12","home","45","defensiveTDs","0"
"401404005","Oregon","Pac-12","home","45","tackles","38"
"401404005","Oregon","Pac-12","home","45","sacks","3"
"401404005","Oregon","Pac-12","home","45","qbHurries","3"
"401404005","Oregon","Pac-12","home","45","passesDeflected","5"
"401404005","Oregon","Pac-12","home","45","possessionTime","27:24"
"401404005","Oregon","Pac-12","home","45","interceptions","1"
"401404005","Oregon","Pac-12","home","45","fumblesLost","0"
"401404005","Oregon","Pac-12","home","45","turnovers","1"
"401404005","Oregon","Pac-12","home","45","totalPenaltiesYards","14-135"
"401404005","Oregon","Pac-12","home","45","yardsPerRushAttempt","9.5"
"401404005","Oregon","Pac-12","home","45","rushingAttempts","37"
"401404005","Oregon","Pac-12","home","45","rushingYards","351"
"401404005","Oregon","Pac-12","home","45","yardsPerPass","4.8"
"401404005","Oregon","Pac-12","home","45","completionAttempts","17-34"
"401404005","Oregon","Pac-12","home","45","netPassingYards","164"
"401404005","Oregon","Pac-12","home","45","totalYards","515"
"401404005","Oregon","Pac-12","home","45","fourthDownEff","0-0"
"401404005","Oregon","Pac-12","home","45","thirdDownEff","5-14"
"401404005","Oregon","Pac-12","home","45","firstDowns","23"
"401404005","Stanford","Pac-12","away","27","rushingTDs","0"
"401404005","Stanford","Pac-12","away","27","puntReturnYards","11"
"401404005","Stanford","Pac-12","away","27","puntReturnTDs","0"
"401404005","Stanford","Pac-12","away","27","puntReturns","1"
"401404005","Stanford","Pac-12","away","27","passingTDs","3"
"401404005","Stanford","Pac-12","away","27","kickReturnYards","94"
"401404005","Stanford","Pac-12","away","27","kickReturnTDs","0"
"401404005","Stanford","Pac-12","away","27","kickReturns","4"
"401404005","Stanford","Pac-12","away","27","kickingPoints","9"
"401404005","Stanford","Pac-12","away","27","interceptionYards","3"
"401404005","Stanford","Pac-12","away","27","interceptionTDs","0"
"401404005","Stanford","Pac-12","away","27","passesIntercepted","1"
"401404005","Stanford","Pac-12","away","27","fumblesRecovered","0"
"401404005","Stanford","Pac-12","away","27","totalFumbles","3"
"401404005","Stanford","Pac-12","away","27","tacklesForLoss","5"
"401404005","Stanford","Pac-12","away","27","defensiveTDs","0"
"401404005","Stanford","Pac-12","away","27","tackles","31"
"401404005","Stanford","Pac-12","away","27","sacks","1"
"401404005","Stanford","Pac-12","away","27","qbHurries","0"
"401404005","Stanford","Pac-12","away","27","passesDeflected","6"
"401404005","Stanford","Pac-12","away","27","possessionTime","32:36"
"401404005","Stanford","Pac-12","away","27","interceptions","0"
"401404005","Stanford","Pac-12","away","27","fumblesLost","1"
"401404005","Stanford","Pac-12","away","27","turnovers","1"
"401404005","Stanford","Pac-12","away","27","totalPenaltiesYards","5-48"
"401404005","Stanford","Pac-12","away","27","yardsPerRushAttempt","3.7"
"401404005","Stanford","Pac-12","away","27","rushingAttempts","34"
"401404005","Stanford","Pac-12","away","27","rushingYards","127"
"401404005","Stanford","Pac-12","away","27","yardsPerPass","5.4"
"401404005","Stanford","Pac-12","away","27","completionAttempts","22-38"
"401404005","Stanford","Pac-12","away","27","netPassingYards","205"
"401404005","Stanford","Pac-12","away","27","totalYards","332"
"401404005","Stanford","Pac-12","away","27","fourthDownEff","1-2"
"401404005","Stanford","Pac-12","away","27","thirdDownEff","5-16"
"401404005","Stanford","Pac-12","away","27","firstDowns","22"
"401404041","Stanford","Pac-12","away","20","rushingTDs","1"
"401404041","Stanford","Pac-12","away","20","puntReturnYards","-1"
"401404041","Stanford","Pac-12","away","20","puntReturnTDs","0"
"401404041","Stanford","Pac-12","away","20","puntReturns","1"
"401404041","Stanford","Pac-12","away","20","passingTDs","1"
"401404041","Stanford","Pac-12","away","20","kickReturnYards","38"
"401404041","Stanford","Pac-12","away","20","kickReturnTDs","0"
"401404041","Stanford","Pac-12","away","20","kickReturns","4"
"401404041","Stanford","Pac-12","away","20","kickingPoints","8"
"401404041","Stanford","Pac-12","away","20","interceptionYards","0"
"401404041","Stanford","Pac-12","away","20","interceptionTDs","0"
"401404041","Stanford","Pac-12","away","20","passesIntercepted","2"
"401404041","Stanford","Pac-12","away","20","fumblesRecovered","0"
"401404041","Stanford","Pac-12","away","20","totalFumbles","3"
"401404041","Stanford","Pac-12","away","20","tacklesForLoss","6"
"401404041","Stanford","Pac-12","away","20","defensiveTDs","0"
"401404041","Stanford","Pac-12","away","20","tackles","38"
"401404041","Stanford","Pac-12","away","20","sacks","1"
"401404041","Stanford","Pac-12","away","20","qbHurries","4"
"401404041","Stanford","Pac-12","away","20","passesDeflected","2"
"401404041","Stanford","Pac-12","away","20","possessionTime","33:54"
"401404041","Stanford","Pac-12","away","20","interceptions","1"
"401404041","Stanford","Pac-12","away","20","fumblesLost","1"
"401404041","Stanford","Pac-12","away","20","turnovers","2"
"401404041","Stanford","Pac-12","away","20","totalPenaltiesYards","7-60"
"401404041","Stanford","Pac-12","away","20","yardsPerRushAttempt","4.0"
"401404041","Stanford","Pac-12","away","20","rushingAttempts","32"
"401404041","Stanford","Pac-12","away","20","rushingYards","129"
"401404041","Stanford","Pac-12","away","20","yardsPerPass","5.6"
"401404041","Stanford","Pac-12","away","20","completionAttempts","29-48"
"401404041","Stanford","Pac-12","away","20","netPassingYards","271"
"401404041","Stanford","Pac-12","away","20","totalYards","400"
"401404041","Stanford","Pac-12","away","20","fourthDownEff","1-1"
"401404041","Stanford","Pac-12","away","20","thirdDownEff","4-15"
"401404041","Stanford","Pac-12","away","20","firstDowns","22"
"401404041","California","Pac-12","home","27","passesIntercepted","1"
"401404041","California","Pac-12","home","27","fumblesRecovered","2"
"401404041","California","Pac-12","home","27","totalFumbles","1"
"401404041","California","Pac-12","home","27","tacklesForLoss","4"
"401404041","California","Pac-12","home","27","defensiveTDs","0"
"401404041","California","Pac-12","home","27","tackles","47"
"401404041","California","Pac-12","home","27","sacks","2"
"401404041","California","Pac-12","home","27","qbHurries","2"
"401404041","California","Pac-12","home","27","passesDeflected","5"
"401404041","California","Pac-12","home","27","possessionTime","26:06"
"401404041","California","Pac-12","home","27","interceptions","2"
"401404041","California","Pac-12","home","27","fumblesLost","0"
"401404041","California","Pac-12","home","27","turnovers","2"
"401404041","California","Pac-12","home","27","totalPenaltiesYards","6-62"
"401404041","California","Pac-12","home","27","yardsPerRushAttempt","5.1"
"401404041","California","Pac-12","home","27","rushingAttempts","22"
"401404041","California","Pac-12","home","27","rushingYards","113"
"401404041","California","Pac-12","home","27","yardsPerPass","6.5"
"401404041","California","Pac-12","home","27","completionAttempts","23-43"
"401404041","California","Pac-12","home","27","netPassingYards","280"
"401404041","California","Pac-12","home","27","totalYards","393"
"401404041","California","Pac-12","home","27","fourthDownEff","1-2"
"401404041","California","Pac-12","home","27","thirdDownEff","4-14"
"401404041","California","Pac-12","home","27","firstDowns","19"
"401404041","California","Pac-12","home","27","rushingTDs","1"
"401404041","California","Pac-12","home","27","puntReturnYards","43"
"401404041","California","Pac-12","home","27","puntReturnTDs","0"
"401404041","California","Pac-12","home","27","puntReturns","4"
"401404041","California","Pac-12","home","27","passingTDs","1"
"401404041","California","Pac-12","home","27","kickReturnYards","31"
"401404041","California","Pac-12","home","27","kickReturnTDs","0"
"401404041","California","Pac-12","home","27","kickReturns","1"
"401404041","California","Pac-12","home","27","kickingPoints","7"
"401404041","California","Pac-12","home","27","interceptionYards","40"
"401404041","California","Pac-12","home","27","interceptionTDs","0"
"401404016","Stanford","Pac-12","away","16","rushingTDs","1"
"401404016","Stanford","Pac-12","away","16","passingTDs","0"
"401404016","Stanford","Pac-12","away","16","kickReturnYards","35"
"401404016","Stanford","Pac-12","away","16","kickReturnTDs","0"
"401404016","Stanford","Pac-12","away","16","kickReturns","2"
"401404016","Stanford","Pac-12","away","16","kickingPoints","10"
"401404016","Stanford","Pac-12","away","16","fumblesRecovered","4"
"401404016","Stanford","Pac-12","away","16","totalFumbles","2"
"401404016","Stanford","Pac-12","away","16","tacklesForLoss","6"
"401404016","Stanford","Pac-12","away","16","defensiveTDs","0"
"401404016","Stanford","Pac-12","away","16","tackles","23"
"401404016","Stanford","Pac-12","away","16","sacks","2"
"401404016","Stanford","Pac-12","away","16","qbHurries","0"
"401404016","Stanford","Pac-12","away","16","passesDeflected","6"
"401404016","Stanford","Pac-12","away","16","possessionTime","36:07"
"401404016","Stanford","Pac-12","away","16","interceptions","0"
"401404016","Stanford","Pac-12","away","16","fumblesLost","0"
"401404016","Stanford","Pac-12","away","16","turnovers","0"
"401404016","Stanford","Pac-12","away","16","totalPenaltiesYards","2-12"
"401404016","Stanford","Pac-12","away","16","yardsPerRushAttempt","2.3"
"401404016","Stanford","Pac-12","away","16","rushingAttempts","42"
"401404016","Stanford","Pac-12","away","16","rushingYards","97"
"401404016","Stanford","Pac-12","away","16","yardsPerPass","7.4"
"401404016","Stanford","Pac-12","away","16","completionAttempts","26-39"
"401404016","Stanford","Pac-12","away","16","netPassingYards","288"
"401404016","Stanford","Pac-12","away","16","totalYards","385"
"401404016","Stanford","Pac-12","away","16","fourthDownEff","0-2"
"401404016","Stanford","Pac-12","away","16","thirdDownEff","7-16"
"401404016","Stanford","Pac-12","away","16","firstDowns","21"
"401404016","Notre Dame","FBS Independents","home","14","rushingTDs","1"
"401404016","Notre Dame","FBS Independents","home","14","puntReturnYards","7"
"401404016","Notre Dame","FBS Independents","home","14","puntReturnTDs","0"
"401404016","Notre Dame","FBS Independents","home","14","puntReturns","1"
"401404016","Notre Dame","FBS Independents","home","14","passingTDs","1"
"401404016","Notre Dame","FBS Independents","home","14","kickingPoints","2"
"401404016","Notre Dame","FBS Independents","home","14","fumblesRecovered","0"
"401404016","Notre Dame","FBS Independents","home","14","totalFumbles","3"
"401404016","Notre Dame","FBS Independents","home","14","tacklesForLoss","3"
"401404016","Notre Dame","FBS Independents","home","14","defensiveTDs","0"
"401404016","Notre Dame","FBS Independents","home","14","tackles","40"
"401404016","Notre Dame","FBS Independents","home","14","sacks","1"
"401404016","Notre Dame","FBS Independents","home","14","qbHurries","3"
"401404016","Notre Dame","FBS Independents","home","14","passesDeflected","1"
"401404016","Notre Dame","FBS Independents","home","14","possessionTime","23:53"
"401404016","Notre Dame","FBS Independents","home","14","interceptions","0"
"401404016","Notre Dame","FBS Independents","home","14","fumblesLost","2"
"401404016","Notre Dame","FBS Independents","home","14","turnovers","2"
"401404016","Notre Dame","FBS Independents","home","14","totalPenaltiesYards","3-20"
"401404016","Notre Dame","FBS Independents","home","14","yardsPerRushAttempt","4.4"
"401404016","Notre Dame","FBS Independents","home","14","rushingAttempts","34"
"401404016","Notre Dame","FBS Independents","home","14","rushingYards","150"
"401404016","Notre Dame","FBS Independents","home","14","yardsPerPass","5.6"
"401404016","Notre Dame","FBS Independents","home","14","completionAttempts","13-27"
"401404016","Notre Dame","FBS Independents","home","14","netPassingYards","151"
"401404016","Notre Dame","FBS Independents","home","14","totalYards","301"
"401404016","Notre Dame","FBS Independents","home","14","fourthDownEff","2-4"
"401404016","Notre Dame","FBS Independents","home","14","thirdDownEff","3-12"
"401404016","Notre Dame","FBS Independents","home","14","firstDowns","16"
"401404025","UCLA","Pac-12","home","38","rushingTDs","5"
"401404025","UCLA","Pac-12","home","38","puntReturnYards","8"
"401404025","UCLA","Pac-12","home","38","puntReturnTDs","0"
"401404025","UCLA","Pac-12","home","38","puntReturns","3"
"401404025","UCLA","Pac-12","home","38","passingTDs","0"
"401404025","UCLA","Pac-12","home","38","kickingPoints","8"
"401404025","UCLA","Pac-12","home","38","interceptionYards","5"
"401404025","UCLA","Pac-12","home","38","interceptionTDs","0"
"401404025","UCLA","Pac-12","home","38","passesIntercepted","1"
"401404025","UCLA","Pac-12","home","38","fumblesRecovered","0"
"401404025","UCLA","Pac-12","home","38","totalFumbles","3"
"401404025","UCLA","Pac-12","home","38","tacklesForLoss","6"
"401404025","UCLA","Pac-12","home","38","defensiveTDs","0"
"401404025","UCLA","Pac-12","home","38","tackles","36"
"401404025","UCLA","Pac-12","home","38","sacks","4"
"401404025","UCLA","Pac-12","home","38","qbHurries","4"
"401404025","UCLA","Pac-12","home","38","passesDeflected","1"
"401404025","UCLA","Pac-12","home","38","possessionTime","28:33"
"401404025","UCLA","Pac-12","home","38","interceptions","0"
"401404025","UCLA","Pac-12","home","38","fumblesLost","1"
"401404025","UCLA","Pac-12","home","38","turnovers","1"
"401404025","UCLA","Pac-12","home","38","totalPenaltiesYards","6-50"
"401404025","UCLA","Pac-12","home","38","yardsPerRushAttempt","7.2"
"401404025","UCLA","Pac-12","home","38","rushingAttempts","45"
"401404025","UCLA","Pac-12","home","38","rushingYards","324"
"401404025","UCLA","Pac-12","home","38","yardsPerPass","6.9"
"401404025","UCLA","Pac-12","home","38","completionAttempts","18-29"
"401404025","UCLA","Pac-12","home","38","netPassingYards","199"
"401404025","UCLA","Pac-12","home","38","totalYards","523"
"401404025","UCLA","Pac-12","home","38","fourthDownEff","5-5"
"401404025","UCLA","Pac-12","home","38","thirdDownEff","5-15"
"401404025","UCLA","Pac-12","home","38","firstDowns","26"
"401404025","Stanford","Pac-12","away","13","rushingTDs","0"
"401404025","Stanford","Pac-12","away","13","puntReturnYards","3"
"401404025","Stanford","Pac-12","away","13","puntReturnTDs","0"
"401404025","Stanford","Pac-12","away","13","puntReturns","1"
"401404025","Stanford","Pac-12","away","13","passingTDs","1"
"401404025","Stanford","Pac-12","away","13","kickReturnYards","57"
"401404025","Stanford","Pac-12","away","13","kickReturnTDs","0"
"401404025","Stanford","Pac-12","away","13","kickReturns","2"
"401404025","Stanford","Pac-12","away","13","kickingPoints","7"
"401404025","Stanford","Pac-12","away","13","fumblesRecovered","2"
"401404025","Stanford","Pac-12","away","13","totalFumbles","1"
"401404025","Stanford","Pac-12","away","13","tacklesForLoss","7"
"401404025","Stanford","Pac-12","away","13","defensiveTDs","0"
"401404025","Stanford","Pac-12","away","13","tackles","49"
"401404025","Stanford","Pac-12","away","13","sacks","3"
"401404025","Stanford","Pac-12","away","13","qbHurries","1"
"401404025","Stanford","Pac-12","away","13","passesDeflected","2"
"401404025","Stanford","Pac-12","away","13","possessionTime","31:27"
"401404025","Stanford","Pac-12","away","13","interceptions","1"
"401404025","Stanford","Pac-12","away","13","fumblesLost","0"
"401404025","Stanford","Pac-12","away","13","turnovers","1"
"401404025","Stanford","Pac-12","away","13","totalPenaltiesYards","3-25"
"401404025","Stanford","Pac-12","away","13","yardsPerRushAttempt","4.3"
"401404025","Stanford","Pac-12","away","13","rushingAttempts","34"
"401404025","Stanford","Pac-12","away","13","rushingYards","145"
"401404025","Stanford","Pac-12","away","13","yardsPerPass","4.0"
"401404025","Stanford","Pac-12","away","13","completionAttempts","15-31"
"401404025","Stanford","Pac-12","away","13","netPassingYards","125"
"401404025","Stanford","Pac-12","away","13","totalYards","270"
"401404025","Stanford","Pac-12","away","13","fourthDownEff","1-1"
"401404025","Stanford","Pac-12","away","13","thirdDownEff","4-13"
"401404025","Stanford","Pac-12","away","13","firstDowns","18"
"401404032","Stanford","Pac-12","home","14","rushingTDs","2"
"401404032","Stanford","Pac-12","home","14","puntReturnYards","10"
"401404032","Stanford","Pac-12","home","14","puntReturnTDs","0"
"401404032","Stanford","Pac-12","home","14","puntReturns","1"
"401404032","Stanford","Pac-12","home","14","passingTDs","0"
"401404032","Stanford","Pac-12","home","14","kickReturnYards","152"
"401404032","Stanford","Pac-12","home","14","kickReturnTDs","0"
"401404032","Stanford","Pac-12","home","14","kickReturns","8"
"401404032","Stanford","Pac-12","home","14","kickingPoints","2"
"401404032","Stanford","Pac-12","home","14","fumblesRecovered","0"
"401404032","Stanford","Pac-12","home","14","totalFumbles","5"
"401404032","Stanford","Pac-12","home","14","tacklesForLoss","5"
"401404032","Stanford","Pac-12","home","14","defensiveTDs","0"
"401404032","Stanford","Pac-12","home","14","tackles","33"
"401404032","Stanford","Pac-12","home","14","sacks","0"
"401404032","Stanford","Pac-12","home","14","qbHurries","3"
"401404032","Stanford","Pac-12","home","14","passesDeflected","4"
"401404032","Stanford","Pac-12","home","14","possessionTime","29:49"
"401404032","Stanford","Pac-12","home","14","interceptions","0"
"401404032","Stanford","Pac-12","home","14","fumblesLost","4"
"401404032","Stanford","Pac-12","home","14","turnovers","4"
"401404032","Stanford","Pac-12","home","14","totalPenaltiesYards","5-35"
"401404032","Stanford","Pac-12","home","14","yardsPerRushAttempt","2.5"
"401404032","Stanford","Pac-12","home","14","rushingAttempts","28"
"401404032","Stanford","Pac-12","home","14","rushingYards","71"
"401404032","Stanford","Pac-12","home","14","yardsPerPass","6.3"
"401404032","Stanford","Pac-12","home","14","completionAttempts","25-42"
"401404032","Stanford","Pac-12","home","14","netPassingYards","266"
"401404032","Stanford","Pac-12","home","14","totalYards","337"
"401404032","Stanford","Pac-12","home","14","fourthDownEff","0-2"
"401404032","Stanford","Pac-12","home","14","thirdDownEff","4-12"
"401404032","Stanford","Pac-12","home","14","firstDowns","19"
"401404032","Washington State","Pac-12","away","52","rushingTDs","3"
"401404032","Washington State","Pac-12","away","52","puntReturnYards","40"
"401404032","Washington State","Pac-12","away","52","puntReturnTDs","0"
"401404032","Washington State","Pac-12","away","52","puntReturns","3"
"401404032","Washington State","Pac-12","away","52","passingTDs","3"
"401404032","Washington State","Pac-12","away","52","kickReturnYards","14"
"401404032","Washington State","Pac-12","away","52","kickReturnTDs","0"
"401404032","Washington State","Pac-12","away","52","kickReturns","1"
"401404032","Washington State","Pac-12","away","52","kickingPoints","10"
"401404032","Washington State","Pac-12","away","52","fumblesRecovered","8"
"401404032","Washington State","Pac-12","away","52","totalFumbles","1"
"401404032","Washington State","Pac-12","away","52","tacklesForLoss","3"
"401404032","Washington State","Pac-12","away","52","defensiveTDs","0"
"401404032","Washington State","Pac-12","away","52","tackles","34"
"401404032","Washington State","Pac-12","away","52","sacks","2"
"401404032","Washington State","Pac-12","away","52","qbHurries","3"
"401404032","Washington State","Pac-12","away","52","passesDeflected","6"
"401404032","Washington State","Pac-12","away","52","possessionTime","30:11"
"401404032","Washington State","Pac-12","away","52","interceptions","0"
"401404032","Washington State","Pac-12","away","52","fumblesLost","0"
"401404032","Washington State","Pac-12","away","52","turnovers","0"
"401404032","Washington State","Pac-12","away","52","totalPenaltiesYards","5-62"
"401404032","Washington State","Pac-12","away","52","yardsPerRushAttempt","8.1"
"401404032","Washington State","Pac-12","away","52","rushingAttempts","38"
"401404032","Washington State","Pac-12","away","52","rushingYards","306"
"401404032","Washington State","Pac-12","away","52","yardsPerPass","6.1"
"401404032","Washington State","Pac-12","away","52","completionAttempts","18-34"
"401404032","Washington State","Pac-12","away","52","netPassingYards","208"
"401404032","Washington State","Pac-12","away","52","totalYards","514"
"401404032","Washington State","Pac-12","away","52","fourthDownEff","1-1"
"401404032","Washington State","Pac-12","away","52","thirdDownEff","5-14"
"401404032","Washington State","Pac-12","away","52","firstDowns","25"
"401404038","Utah","Pac-12","home","42","rushingTDs","2"
"401404038","Utah","Pac-12","home","42","puntReturnYards","12"
"401404038","Utah","Pac-12","home","42","puntReturnTDs","0"
"401404038","Utah","Pac-12","home","42","puntReturns","2"
"401404038","Utah","Pac-12","home","42","passingTDs","4"
"401404038","Utah","Pac-12","home","42","kickingPoints","6"
"401404038","Utah","Pac-12","home","42","fumblesRecovered","0"
"401404038","Utah","Pac-12","home","42","totalFumbles","1"
"401404038","Utah","Pac-12","home","42","tacklesForLoss","9"
"401404038","Utah","Pac-12","home","42","defensiveTDs","0"
"401404038","Utah","Pac-12","home","42","tackles","27"
"401404038","Utah","Pac-12","home","42","sacks","7"
"401404038","Utah","Pac-12","home","42","qbHurries","0"
"401404038","Utah","Pac-12","home","42","passesDeflected","3"
"401404038","Utah","Pac-12","home","42","possessionTime","34:31"
"401404038","Utah","Pac-12","home","42","interceptions","1"
"401404038","Utah","Pac-12","home","42","fumblesLost","0"
"401404038","Utah","Pac-12","home","42","turnovers","1"
"401404038","Utah","Pac-12","home","42","totalPenaltiesYards","4-50"
"401404038","Utah","Pac-12","home","42","yardsPerRushAttempt","7.8"
"401404038","Utah","Pac-12","home","42","rushingAttempts","36"
"401404038","Utah","Pac-12","home","42","rushingYards","279"
"401404038","Utah","Pac-12","home","42","yardsPerPass","6.9"
"401404038","Utah","Pac-12","home","42","completionAttempts","21-34"
"401404038","Utah","Pac-12","home","42","netPassingYards","235"
"401404038","Utah","Pac-12","home","42","totalYards","514"
"401404038","Utah","Pac-12","home","42","fourthDownEff","4-4"
"401404038","Utah","Pac-12","home","42","thirdDownEff","6-12"
"401404038","Utah","Pac-12","home","42","firstDowns","29"
"401404038","Stanford","Pac-12","away","7","fumblesRecovered","0"
"401404038","Stanford","Pac-12","away","7","rushingTDs","1"
"401404038","Stanford","Pac-12","away","7","passingTDs","0"
"401404038","Stanford","Pac-12","away","7","kickReturnYards","100"
"401404038","Stanford","Pac-12","away","7","kickReturnTDs","0"
"401404038","Stanford","Pac-12","away","7","kickReturns","5"
"401404038","Stanford","Pac-12","away","7","kickingPoints","1"
"401404038","Stanford","Pac-12","away","7","interceptionYards","0"
"401404038","Stanford","Pac-12","away","7","interceptionTDs","0"
"401404038","Stanford","Pac-12","away","7","passesIntercepted","1"
"401404038","Stanford","Pac-12","away","7","tacklesForLoss","4"
"401404038","Stanford","Pac-12","away","7","defensiveTDs","0"
"401404038","Stanford","Pac-12","away","7","tackles","38"
"401404038","Stanford","Pac-12","away","7","sacks","1"
"401404038","Stanford","Pac-12","away","7","qbHurries","0"
"401404038","Stanford","Pac-12","away","7","passesDeflected","3"
"401404038","Stanford","Pac-12","away","7","possessionTime","25:29"
"401404038","Stanford","Pac-12","away","7","interceptions","0"
"401404038","Stanford","Pac-12","away","7","fumblesLost","0"
"401404038","Stanford","Pac-12","away","7","turnovers","0"
"401404038","Stanford","Pac-12","away","7","totalPenaltiesYards","5-45"
"401404038","Stanford","Pac-12","away","7","yardsPerRushAttempt","0.8"
"401404038","Stanford","Pac-12","away","7","rushingAttempts","26"
"401404038","Stanford","Pac-12","away","7","rushingYards","22"
"401404038","Stanford","Pac-12","away","7","yardsPerPass","6.2"
"401404038","Stanford","Pac-12","away","7","completionAttempts","12-25"
"401404038","Stanford","Pac-12","away","7","netPassingYards","155"
"401404038","Stanford","Pac-12","away","7","totalYards","177"
"401404038","Stanford","Pac-12","away","7","fourthDownEff","1-2"
"401404038","Stanford","Pac-12","away","7","thirdDownEff","3-14"
"401404038","Stanford","Pac-12","away","7","firstDowns","9"
